date,user,name,text,retweet,favorite,location
2021-08-14 23:03:13,BostonBubbalooo,Bubba Looo ‚ôøÔ∏èüò∑ FullyVaccinated #GetVaccinated,@Lauren4Arkansas Here in Mass we had received the same underlying message at the start of pandemic. As a disabled p‚Ä¶ https://t.co/k1TM1rYLP2,0,0,Boston  
2021-08-14 23:03:11,Metmorphosis43,Jackie,@S_Harageones @anemoneanne66 @life_with_riley I was told not to put any clear protection over it because if in the‚Ä¶ https://t.co/mohEw5lOZM,0,0,
2021-08-14 23:03:10,OrphanBlue6,Orphan Blue Bedtime Stories,"""France now requires me to succumb to nasal swab antigen tests every 48 hrs to continue accessing public transit, g‚Ä¶ https://t.co/Ti8GXAfekB",0,0,"Vancouver, British Columbia"
2021-08-14 23:03:09,vancuts,ùíóùíÜÃÇùíèùíñùíîùíçùíö ‚Å∑,"@JM_Sparkle goodnightt luvv, take care and good luck with the vaccineüíó",0,0,~ ùí´ùëíùë°ùëüùëñùëê‚Ñéùëúùëü ~
2021-08-14 23:03:08,MikeMit74840955,Mitch94541 LVDSA member,"@e_galv WOW!  This one is very thought provoking, imho.  I have never had a vaccination since the military, never b‚Ä¶ https://t.co/Le5vOQBfI1",0,0,NV. U.S.A.
2021-08-14 23:03:07,brentbronze,The Bronze Age ü¶ä,"If you think the vaccine is bad consider why Africa has been deliberately left out of vaccine circulation 
You real‚Ä¶ https://t.co/VlwCCdtLPg",0,0,he/him 
2021-08-14 23:03:06,chloebaby1221,Chloe,@hmad935 @JEWEL01895958 @CookieMillz @NaraLove23 mRNA vaccine forces your cells to create a spike protein. It‚Äôs a h‚Ä¶ https://t.co/nqWtdk6ipi,0,0,United States
2021-08-14 23:03:06,slego54,Jennifer Lynn üíïüå∏‚òÄÔ∏è,@KBrookeGolisch Thank you for this. My best friend won‚Äôt get the vaccine and I want to bash her head in!!,0,0,"Rock Hill, SC"
2021-08-14 23:03:05,kuntri_,_Koochalicious,What if we offer vaccines in the non-urgent groups at A&amp;E and in out-patient clinics. You come curative for your di‚Ä¶ https://t.co/M2pHZjub32,0,0,u too nuff
2021-08-14 23:03:04,ColwellMD,"Chris Colwell, MD","The vaccine is much safer than the virus. For everyone!

https://t.co/SB1g3EPZGi",0,0,"San Francisco, CA"
2021-08-14 23:03:03,thetvlinsider,The Travel Insider,We wonder how well this will end for Mexico.  See :  Mexico Will Remain Open For Tourism With No Testing Or Vaccine‚Ä¶ https://t.co/EZXKUx1xlk,0,0,US and everywhere the internet reaches
2021-08-14 23:03:02,rogerlaughed,Kian currently rereading One Piece,Ngl I think the virus is more antifa than the vaccine at this point https://t.co/Gv57YqLXZ8,0,0,
2021-08-14 23:03:01,MitchGerads,Mitch Gerads,"All I know is that every time I saunter into my local CVS , or our local grocery, there‚Äôs always a little line for‚Ä¶ https://t.co/T1jN6h7lfi",0,0,"Phoenix, AZ"
2021-08-14 23:03:01,13274838_,ANDREA,Hi guys how many days did your arm hurt after the vaccine? I‚Äôm in so much pain rn üò´,0,0,"Sydney, New South Wales"
2021-08-14 23:03:01,ruralnordic,Œ∑œÉ—è‚àÇŒπs–∫,"In France, citizens without a domestic ‚Äúvaccine passport‚Äù may face up to six months and jail and a ‚Ç¨10,000 fine.

S‚Ä¶ https://t.co/SU3mpgXHr4",0,0,Rural Sweden
2021-08-14 23:03:00,InfiniteZox,Zox,@FransicoUchiha @dylbptel @jsports1999 @Plugs_2004 @NetsDaily Covid vaccine isn‚Äôt even the same as those old vax‚Ä¶ it‚Äôs an mRNA,0,0,
2021-08-14 23:02:59,charmedone626,Kelly Mecifi,@LaurentduMaroni @BronsonT518 @lindyli @joncoopertweets @GregAbbott_TX I agree 100%. If they couldn‚Äôt trust the vac‚Ä¶ https://t.co/CVxH7Ix46I,0,0,"Lumberton, NC"
2021-08-14 23:02:58,YoMan32698435,YoMan,@MikeGal041 May be because of many vulnerable have been fully vaccinated early. But USA still have high level of pr‚Ä¶ https://t.co/QNIDtkhPUf,0,0,
2021-08-14 23:02:57,JamieJWhite1,Jamie,@JoeBiden Our PM Scott Morrison here in Australia has directly brought our country into lockdown because he lied ab‚Ä¶ https://t.co/soaKgNGvUG,0,0,"Sydney, New South Wales"
2021-08-14 23:02:57,koan4uu,ToughLove,'Vaccine passports' are here. Here's how to prove your Covid-19 vaccination status on your phone - CNN üëèüëè‚ù§Ô∏è https://t.co/qrsvTMpW5T,0,0,
2021-08-14 23:02:56,JohnnyRevvv,JohnnyRev,@mattgaetz No vaccine for child trafficking ....otherwise you might have avoided Federal Prison,0,0,"Brooklyn, NY"
2021-08-14 23:02:55,ceehope,ceehope,@TheRealMarkLevy @anet2111 They believe hospitals are perpetrating this fraud i.e. Covid to make money. And the doc‚Ä¶ https://t.co/VpLGNZsQEi,0,0,
2021-08-14 23:02:55,taeXrim875,rimz‚Å∑,@JM_Sparkle Good night Char and Good luck with the vaccine... take careüíú,0,0,
2021-08-14 23:02:54,Danistern9,Dani Stern,@ikepoker What exactly are they saying here? The cabal or whatever created covid and then also created the vaccine?,0,0,
2021-08-14 23:02:52,houduh,draken stan account,omg...yall were not lying about how bad the covid vaccine fucks with your period....im dying,0,0,"Philly, she/her, 23"
2021-08-14 23:02:51,PatrioticCougar,Silent Majority,Threatening people with job loss or denying access to goods and services for not taking an experimental mRNA vaccin‚Ä¶ https://t.co/hcEX88xBUO,0,0,
2021-08-14 23:02:50,George_O_E,Dr O.G,Also do so with a mask and two doses of the Covid vaccine. https://t.co/Hwk62ifRuW,0,0,"Lagos, Nigeria"
2021-08-14 23:02:48,CrescentTeddy,Amine | Metroid Enjoyer,It wasn‚Äôt until I talked to more poker irl that I realized that covid vaccine conspiracy theories are fucking rampant. It‚Äôs pretty worrying.,0,0,North Dakota
2021-08-14 23:02:47,shrekthepunk,Mama Q BLM üåà‚úùÔ∏è,@GovRonDeSantis Pretending you believe in science ? Why monoclonal antibody believe over vaccine belief ? Could it‚Ä¶ https://t.co/SdfBHAINzr,0,0,üåç
2021-08-14 23:02:47,swtyndall,Steven Tyndall,Republicans won‚Äôt condemn the immoral lifestyle of COVID vaccine refusers. https://t.co/jSmfLzJ0q0 https://t.co/aJuGqUAzHh,0,0,"San Diego, CA"
2021-08-14 23:02:45,ttgof_,Timothy,@ReynoldsLaurel If you trust the vaccine then what‚Äôs the risk to the vaccinated from an unvaccinated?  A person can‚Ä¶ https://t.co/fmPtjWSS1T,0,0,"Missouri, USA"
2021-08-14 23:02:44,erkdeni,denni üåº #evindekal #stayhome #restaacasa,"#Vacc8nated Vs. #Unvaccinated

""Your Vaccinated Immune System Is Ready for Breakthroughs.

Getting #COVID19 when yo‚Ä¶ https://t.co/qKn3IrBwgX",0,0,
2021-08-14 23:02:44,biedexmarkets,Biedex Markets,"U.S. administers 355.8 million doses of COVID-19 vaccines

¬© Reuters. FILE PHOTO: Vials of Pfizer's coronavirus dis‚Ä¶ https://t.co/Br8GSanHEr",0,0,"London, England"
2021-08-14 23:02:44,TeflonPawn,üåé,"@emptywheel Eisenhower, Vaccine, England's got a new queen
Marciano, Liberace, Santayana, goodbye",0,0,
2021-08-14 23:02:44,WorkLynda724,Lynda Work,Is this what you want for kids????  https://t.co/rxbK5MAWiH https://t.co/Rs4KzQ1NhG,0,0,"Texas, USA"
2021-08-14 23:02:43,randomjan111,Janis Kay,@VeggieDoc @FurlongMick @BellHappe So your aware this is an experiment vaccine?,0,0,"South East, England"
2021-08-14 23:02:43,haven14paradise,üíâ Kathryn Forward,@damiencave @adamliaw They had long periods of strict lockdown and a great vaccine floor and publicity... my 1st ye‚Ä¶ https://t.co/uYzeeAgwyv,0,0,Biripi country
2021-08-14 23:02:43,y2k_liyah,macron hate account,"je lui ai dis ""if he shows more, im going to get this DAMMIT vaccine""",0,0,"marseille, france"
2021-08-14 23:02:41,detsang,Derek Tsang,I can attest to this - was a proud partner with @BermanNDP at a vaccine clinic!! #IAmVaccinated https://t.co/2U3YTr56o1,0,0,"Toronto, Ontario"
2021-08-14 23:02:39,b0nediary,elfie / high res era,the best part is when i go back to med res after my vaccine the weight that i‚Äôll drop‚Ä¶. eheheh,0,0,she/they / 22 / bmi 18
2021-08-14 23:02:39,imprettybitter,Zsa Zsa (Crypto $arah)ü•ÇüíÅüèº‚Äç‚ôÄÔ∏è,@katea76 That does not however justify or vindicate the lack of action from the criminal NSW government who for 7 w‚Ä¶ https://t.co/n7rCS98ENw,0,0,"Bali, Indonesia"
2021-08-14 23:02:37,KevinMRocks,Kevin Malone,"@NikkiFried Have the Qrazies, anti-maskers and anti-vaxxers, who are obsessed with some kind of depopulation agenda‚Ä¶ https://t.co/5mB952ZX5M",0,0,
2021-08-14 23:02:36,donnaluxton5,Donna Clark,"@TMZ Agree totally, don‚Äôt believe in the vaccine! Don‚Äôt believe in treatment!",0,0,
2021-08-14 23:02:35,treesforTrump,The Birch,I agree and it's a sin that most deaths are now COVID which is not true but when people start dying from the vaccin‚Ä¶ https://t.co/6ji3Ivw5xU,0,0,
2021-08-14 23:02:35,doxieluv60,Peri Record,@AnderTierrez @FOX4 Biden said you won't get sick if you have the vaccine....,0,0,North Richland Hills Texas
2021-08-14 23:02:34,PsychoticKingAJ,PsychoticKingAJ,"@steeley56 @_Dayvid @GregBurman Also, You must not travel. You have needed a Vaccine passport to travel for 60 years....  YIKES",0,0,"Ontario, Canada"
2021-08-14 23:02:33,rebeccabw,ForTheLove,"@erikrichey365 @KenPaxtonTX Masks are not perfect protection nor is the vaccine, but like seat belts, they do not p‚Ä¶ https://t.co/uHkOulBiaP",0,0,"Texas, USA"
2021-08-14 23:02:32,erpdc,Erin - Cocktail Coach,@lewbryson I highly doubt this. Most healthcare workers are required to have numerous vaccines to work in care faci‚Ä¶ https://t.co/v1M1ET3knD,0,0,"Washington, DC"
2021-08-14 23:02:32,keyscalm,keyscalm,@PbSpeed @drklausner @CarlosdelRio7 @jeffm1981 6x more protection than vaccine,0,0,Florida Keys
2021-08-14 23:02:32,CherieannDuarte,Cherie Ann Duarte,@MrPaulBae Watch for those who buy fake vaccine cards,0,0,Colorado/Hawaii
2021-08-14 23:02:31,stand4sumtin,üá∫üá∏patriotic cats üá∫üá∏arrest seditionists,"@GovRonDeSantis So don‚Äôt take the vaccine, take this really, really, experimental drug.

#deathSantis",0,0,"Florida, USA"
2021-08-14 23:02:29,FanoMabi,Maryline Dorothy,Exemption for vaccine https://t.co/fk6UykfwKO,0,0,"Montr√©al, Qu√©bec, Canada"
2021-08-14 23:02:29,Youhavebeenlyin,Char,@Ducky_ishere @jiminsstraykat @KJParr269 @PhillyD Death rate for delta is .0075% meaning the overall survival rate‚Ä¶ https://t.co/ZMTRpTdYM6,0,0,
2021-08-14 23:02:27,Hanksingler,Hank Single's Banned Ghost,@rustyninetynine @RonFilipkowski To be convinced to get vaccinated. Vaccine hesitancy is a term for all the complex‚Ä¶ https://t.co/HblhPlrEuT,0,0,MA
2021-08-14 23:02:27,Cmarti1215,Christina Marti,"Father-Son Duo Arrested and Charged After Trying to Travel to Hawaii Using Fake COVID Vaccine Cards, Attorney Gener‚Ä¶ https://t.co/c27PX1GTnD",0,0,"Chicago, IL"
2021-08-14 23:02:26,Monroesmydog,MoogaLoo22‚Ñ¢Ô∏è üè≥Ô∏è‚Äçüåàü¶•,"@Angry_Staffer The thing I am furious about, the I won‚Äôt take the vaccine, but when I end up in the ICU, I will tak‚Ä¶ https://t.co/MdazA3c1WC",0,0,
2021-08-14 23:02:26,BlissfullyIgno7,The Blissfully Ignorant,@JoeBiden I‚Äôll make a deal with you‚Ä¶ ban abortions and I‚Äôll get the vaccine.,0,0,
2021-08-14 23:02:26,BearPawMassage,"Dora Gonzalez, LMT",@TylerFowlkes perhaps the response of the body to vaccine is personal as each immune system response is based on th‚Ä¶ https://t.co/kg1x3DkdGs,0,0,"Mtn.View, Arkansas"
2021-08-14 23:02:26,HJSpear,Hannah J Spear,"@1NewsNZ He's just voicing what a lot of us are thinking. All medicines come with side affects, risks. The vaccine‚Ä¶ https://t.co/C2DQo2zZIZ",0,0,Auckland NZ
2021-08-14 23:02:24,matthew7101977,matthew kenney,"@Sassychickie I got my vaccine, it‚Äôs called I had Covid and survived",0,0,
2021-08-14 23:02:24,zelickminsk,howard k,"'Vaccine passports' are here. Here's how to prove your Covid-19 vaccination status on your phone

https://t.co/GMKThsNTN8",0,0,
2021-08-14 23:02:24,nofaceeeeeeeeee,.,"@JoeBiden Eff you mother flower

I‚Äôm not at risk 
No reason to 

And if so:

Show me the long term trials and testi‚Ä¶ https://t.co/sFlsE4fea1",0,0,
2021-08-14 23:02:23,boiseblueboy36,Devon Dunkley,@Nidia87450734 @TinaDesireeBerg @FlipNCBlue either do you as covid in no way is the same as small pox. show some in‚Ä¶ https://t.co/uYxBGkRfAj,0,0,Texas
2021-08-14 23:02:23,va_vroom,VaVaVroom,@OneCanadian3 @simsy1977 I‚Äôve heard a lot of people saying the ‚ÄòDelta‚Äô variant is actually the ‚Äòvaccine‚Äô itself. Th‚Ä¶ https://t.co/FI2ieFdBnt,0,0,
2021-08-14 23:02:21,Skywalkerjaywv,PHARMERJAY,@CrankyPharmer A-freakin-men!  I bet  3/4 of those I see coming in for their vaccine now are unmasked. ü§¶üèº,0,0,3rd planet from the sun
2021-08-14 23:02:20,sd40664471,sd,@EchoProxie @catfishyak You have Biden confused with trump. Try to get current. Too bad there is not a vaccine for‚Ä¶ https://t.co/r7gHRVx6WC,0,0,
2021-08-14 23:02:18,badvaers,Bad VAERS Takes,"@gullibilabuddy @TheRussianMafi6 @_Roxas_XIII__ @luadepaz1 @PearlsAmongUs @CDCgov While not authoritative, it does‚Ä¶ https://t.co/vx5kXnjGSc",0,0,
2021-08-14 23:02:16,mollykmccoy,molly‚ú®,"we are working with the worst ratios we‚Äôve had since COVID was at its worse. 

quit being selfish. get your fucking‚Ä¶ https://t.co/XkVQnmEETr",0,0,"West Fargo, ND"
2021-08-14 23:02:16,andrewpopecody,ingrid,@MsUnsympathetic i can't believe im finally moving and im getting checked for adhd AND im getting the second shot o‚Ä¶ https://t.co/DFwCqyyTmr,0,0,she/her
2021-08-14 23:02:16,PlsNoBanImLib,13%üî´üî´üî´üî´üî´,@TerraCat4 @BobBusch12 @Cujo_c I never threatened anyone or denied science or claimed to be anti vax. Is reading co‚Ä¶ https://t.co/sCOEyfOit4,0,0,
2021-08-14 23:02:15,sanityisoverra4,sanity.is.overrated,"@elleprovocateur This would assume a high level of vaccinated children, no?  Or is shedding of the vaccine being implied?",0,0,United States
2021-08-14 23:02:13,nebriscuit,L.L. Ween,"@GretnaSteve8 @OWHnews @Jess_Wade_OWH Maybe I can help you understand this Steve, you see, the difference is it‚Äôs a‚Ä¶ https://t.co/psd8J0CwzU",0,0,"Omaha, NE"
2021-08-14 23:02:13,sami_baaj,Sami (he/him) üá®üá¶üá´üá∑üá∏üáæ,@OrryRobb @Notdonejr @EmmeSteph @BreakfastvFilms @NormRCN31 You're actually still at risk from COVID even though yo‚Ä¶ https://t.co/lzQP0QP9Yt,0,0,"Kitchener, Ontario"
2021-08-14 23:02:12,BJK45FoFi,BJK45,@ChrisPosey1 @Sassychickie That vaccine has been at best 50% effective. Not disagreeing with you. Just mentioning h‚Ä¶ https://t.co/9XII3PBhEO,0,0,
2021-08-14 23:02:12,PlaydohsM,PlaydohsMedia,@jomickane They fucking mad! Says on the leaflet 18+ for this vaccine!,0,0,
2021-08-14 23:02:11,Normalouise91,Norma Louise Hopping,"@FluoridePoison Yes I agree , a killer vaccine , apparently lot of school children were vaccinated with Astra Zenic‚Ä¶ https://t.co/3RrhbeoXbC",0,0,Australia
2021-08-14 23:02:09,sczepanski89,Blake,@sippingsuds @FlachShane @HewLansford Lol I don‚Äôt vote for them. Matter of fact I voted republican the last electio‚Ä¶ https://t.co/OZXdUBifgs,0,0,"Stephen, MN"
2021-08-14 23:02:09,Rockin2012Robin,Robin,"@Michael_Trenta @NAChristakis There are only so many ventilators, physicians and nurses, who are battling *burn out‚Ä¶ https://t.co/G56xAdBVm2",0,0,Robin‚Äôs nest
2021-08-14 23:02:08,traceitback,Traceitback,"@CarlaMeckelborg @JustinTrudeau ""keeping us safe"" -gave our PPE equip. away, did not secure our borders nor our air‚Ä¶ https://t.co/1n0G9V9MLh",0,0,"Lacombe County, Alberta"
2021-08-14 23:02:08,GeoBickford,REBELwithAnOrangeCauseüçä,"Oy, vey! This man‚Äôs common sense is superior to many non-vaxxed Americans‚Ä¶ ü§¶üèª‚Äç‚ôÄÔ∏è
Serbian cave hermit receives Covid‚Ä¶ https://t.co/aBcKBrKRrJ",0,0,"Washington, USA"
2021-08-14 23:02:08,Jay__Martin,Jay Martin,"Important thread. 

Breaks my heart especially to see people who fill their timeline with anti-mask, anti-vaccine,‚Ä¶ https://t.co/Moy3LJKR71",0,0,"Houston, TX"
2021-08-14 23:02:07,TraderJay14,Trader Jay,@glhody @MartinKulldorff People like you are the issue this vaccine will not do what you claim it does and why woul‚Ä¶ https://t.co/PUkXpdNjNV,0,0,
2021-08-14 23:02:05,kutumwa,Kutumwa Samali,@ug_trust @HEBobiwine If he doesn't know that this is the time to buy enough vaccine to vaccinate Ugandans he is sp‚Ä¶ https://t.co/58qNI2t4be,0,0,
2021-08-14 23:02:04,BlATRlX,bia,took the 1st dose of the vaccine today üíÉüíÉ,0,1,she/her | 16 | entj
2021-08-14 23:02:04,VDFromAToZ,"Abbie's fully vaccinated, & feeling a LOT better.","ü•Ç Here's to all the Dumb (&amp; even dumber!) Dumb-Dumbs out there! üçª
(‚ö∞Ô∏è Oh, we're NOT raising out glasses to your‚Ä¶ https://t.co/jxJQWVl5iH",0,0,"'neath Canada, USA's BFF! "
2021-08-14 23:02:03,irony_is_ded,Tom,"@davidlehmann09 @Suzy1776 No vaccine is 100 percent effective. You know this. This a a troll question. 

It's amazi‚Ä¶ https://t.co/qUiVmAG2m3",0,0,Behind the üçä Curtain
2021-08-14 23:02:03,denvernewsnow,Denver News Now,Colorado Doctor Explains Who‚Äôs Most Likely To Benefit From Another COVID Vaccine Dose https://t.co/CMZDvbXQs6,0,0,"Denver, Colorado 80202"
2021-08-14 23:02:02,unemploymentguy,Roger Baker,Summa Health requires employees to receive the COVID-19 vaccine https://t.co/83BjVdNmLE,0,0,
2021-08-14 23:02:02,Bettyannrarhb,Bettyann,@NAChristakis Triage is need vs. survivibility. Not whether or not you have had the vaccine.,0,0,"Mississippi, USA"
2021-08-14 23:02:00,PhilJenkins_,Phil Jenkins,Almost as predictable as the last dying breath ‚ÄúI wish i‚Äôd had the vaccine‚Äù stories https://t.co/SKrm2v8lwL,0,0,Hampshire & London
2021-08-14 23:02:00,grlacrossstreet,Beckyy,@MarkMeadows Well hire more Mark Meadows.  Instead of twll us your B.S.  you people should be working with Kie Bide‚Ä¶ https://t.co/2y6BzOxuu2,0,0,
2021-08-14 23:02:00,PreviewNow,PREVIEW,A Houston restaurant owner says he was brainwashed into not trusting the vaccine. Then he got COVID. @reporterjulie‚Ä¶ https://t.co/W8xYdsemmM,0,0,"Houston, TX"
2021-08-14 23:02:00,VickValecek,Vick V√°leƒçek,@tinkeringhalo10 @CDMenefee 1) The vaccine is not ‚Äúgene therapy‚Äù. 2) This was about mandating masks. 3) The state D‚Ä¶ https://t.co/XyVvpIM2uC,0,0,
2021-08-14 23:02:00,thevocaljrnl,thevocaljrnl,"You taking drugs that coming from God knows where, but the vaccine is where you cross the line?",0,0,"Texas, USA"
2021-08-14 23:02:00,OriginalJLP,Jon Ott,"Nurses should not be having to deal with another intense round of COVID-19 patients. We have a vaccine, we know how‚Ä¶ https://t.co/uDRC9QuK6X",0,0,United States
2021-08-14 23:01:59,SimRelic,Pete Sim,"@TViewfromhere @GVendacopy @YourLifesIdjits @CBCNews True in Canada, not so much in Israel and Iceland, countries t‚Ä¶ https://t.co/yPpw2JXpAz",0,0,"British Columbia, Canada"
2021-08-14 23:01:59,npeters92,Naomi Peters,How a pop-up vaccine hub in Lakemba is trying to boost vaccination rates in Sydney's COVID hot spots https://t.co/2cDWgve0n9,0,0,"Dhudhuroa country, NE Victoria"
2021-08-14 23:01:59,WolfishHead,Wolfish ‚ò®,"For example, Mormons are not exempt from the COVID ""vaccine"" mandates (even if they were exempt from other vaccines‚Ä¶ https://t.co/jJYrrlPnO6",0,0,https://wolfish.neocities.org/
2021-08-14 23:01:57,james053010,James053010,"I believe, your body your choice. 100%. Since the vaccine is Not FDA approved, why can‚Äôt I have an opinion, then vo‚Ä¶ https://t.co/neOiYn15Yt",0,0,
2021-08-14 23:01:57,readmytulips14,readmytulips14,My 9 year old grandson got in the Moderna trial and received his shot a few days ago. Hope he got the vaccine since‚Ä¶ https://t.co/nRPSBbUZ8q,0,0,United States
2021-08-14 23:01:57,moretortellinis,Tori,"@GVDBossche Dr. Bossche, there is still relevant information about long-term vaccine effects that we don't have due‚Ä¶ https://t.co/lZuB2Dk9VZ",0,0,"Washington, DC"
2021-08-14 23:01:56,cantstopstackin,THE BIG STEPPER,This what the Johnson&amp;Johnson vaccine made of https://t.co/CsQM2BAuSi,0,0,"Baton Rouge, LA"
2021-08-14 23:01:55,SandraJNowakow1,Dr. Sandra,How to get vaccine record on your phone.... https://t.co/TlMxwfb52D,0,0,
2021-08-14 23:01:55,megalewisX,Louis Gagnon,"@BasicMountain @fireshoes @OCMMtG Highroll 1 dice per vaccine shots, +2 bonus for mask",0,0,"laval,Qc"
2021-08-14 23:01:54,xt52017black,Amazing Grace üí´üá∫üá∏ü§çüíô,"Protesting vaccine passports for caf√©s and restaurants, French protesters create a feast in the streets https://t.co/0YOqFhloDS",1,4,Some where out there
2021-08-14 23:01:54,peanutsmom04,Alicia ü¶ôüêªüç∑,@WorkEvader @michaelschwab13 Why does he have to be a no vax shithead?  You do realize people who got the vaccine a‚Ä¶ https://t.co/VK6IRqHBEc,0,0,"Houston, TX"
2021-08-14 23:01:53,MacPhang,Len MacPhang,@ListenSport @australian @SkyNewsAust Kelly blatantly misrepresented Premier McGowan regarding WA vaccination rates‚Ä¶ https://t.co/PVp9IctDua,0,0,Australia
2021-08-14 23:01:53,bugs670,bugs,@HollieMac68 @VolumePrintcess she doesn't understand it- she thinks vaccine prevents people from getting the virus,0,0,
2021-08-14 23:01:52,kylemccarthy_10,Kyle McCarthy,@rakitoon @StoodWe @MuskokaCoach18 It doesn‚Äôt stop transmission lol you‚Äôve theoretically saved yourself from hospit‚Ä¶ https://t.co/OpRyfoOjh6,0,0,"Ontario, Canada"
2021-08-14 23:01:51,sandycreekmill,JD Price,@TomahawkVPhD @20manDan @BlainEillimatta @Alex_on_A14 @daninphx @films_virus @KStateTurk @mcfunny @Chris_F_Carson‚Ä¶ https://t.co/qFj392eHuY,0,0,
2021-08-14 23:01:51,KathryneGayle,Kathryne,"@BosCityFAN Absolutely, because once you get COVID, it‚Äôs too late for the vaccine. Unless you are lucky enough to s‚Ä¶ https://t.co/znGwnZccMZ",0,0,New Hampshire
2021-08-14 23:01:51,UnHedgedChatter,UnHedgedChatter,"""A policy has not been set."" [House view: WFH is definitely lasting until 2022 in the US.] https://t.co/GIy2QyjOEc",0,0,British Virgin Islands
2021-08-14 23:01:50,EritasRed,Unknowable,"the mansions where, how shall I put it, your typical Gombeen would park his sorry arse, to stick with an Irish expr‚Ä¶ https://t.co/lFwfYyvS2m",0,0,
2021-08-14 23:01:50,JudahMoscato,Ju‚Ç´ah Mo$cato,@King_DREAMER @iamphilippezer @bamfsoul @Trackside_ENT @LupeFiasco I never once told or said dont get the vaccine t‚Ä¶ https://t.co/zQaFdksQpb,0,0,"Orange, NJ"
2021-08-14 23:01:50,thee_court,BamBam,"I took my first vaccine for Covid-19 today. 

Don‚Äôt come ova here with no mess. I‚Äôm good.",0,0,In my bed
2021-08-14 23:01:50,ellfosho,big ell,Roughly 1/4th of black Americans have been vaccinated. How Jim Crow will it be when they start getting turned away‚Ä¶ https://t.co/7qxNS6afMH,0,0,"San Antonio, TX"
2021-08-14 23:01:49,dustin_romero_,dustin,Just got my vaccine I can lift cars now,0,0,
2021-08-14 23:01:48,JasonMB,JasonMB,"so of course now im worried AND spent half of my haircut explaining what happened when i got the vaccine. 

SO gues‚Ä¶ https://t.co/zWUVi336vn",0,0,"Austin, TX"
2021-08-14 23:01:48,BMDaily1,Black Media Daily,Washington state promotes 3rd vaccine dose for¬†‚Äòvulnerable‚Äô https://t.co/bbWlm3Z1YY,0,0,
2021-08-14 23:01:47,aspelina88,Future Nurse Espinoza (she/her),@tony_breu @brianchiong I know there was some promising research being done on BCG vaccine therapy in regards to Ty‚Ä¶ https://t.co/U8L6lHYyLE,0,0,"Tempe,Az"
2021-08-14 23:01:47,ABC7,ABC7 Eyewitness News,"Father, son from Pacific Palisades arrested for allegedly trying to use fake vaccine cards in Hawaii https://t.co/Bn02yfwTZT",1,3,
2021-08-14 23:01:46,HammertimeJo,BIG JOE JOE,@washingtonpost There is only one way I ever get the vaccine.  If the second I get it I‚Äôm not required to do any mo‚Ä¶ https://t.co/XofC6NPdEa,0,0,"Washington, DC, Police state "
2021-08-14 23:01:46,giandujakiss,gianduja kiss,"""'This is the hill to die on,' she said.""

Wish granted.

https://t.co/RDf72eqXQX",0,0,
2021-08-14 23:01:46,ElmerThoughts,Elmer is always tired.ü¶â,@IphoneComunist @ZubyMusic You gain immunity from specific strains of the flu and cold viruses. I've had COVID-19 a‚Ä¶ https://t.co/k1HwPWhorz,0,0,"Geneva, IN"
2021-08-14 23:01:46,karl_oz8,Karl,"@QuentinFry When Andrews is locking Melbourne down early next year (lockdown 13), despite everyone having access to‚Ä¶ https://t.co/W40c65kCAi",0,1,
2021-08-14 23:01:45,DarrenEdmundso1,Pembrokeshire-Patriot,"Paris police patrol coffee shops to ask customers to prove they have valid vaccine passports, insane level of tyran‚Ä¶ https://t.co/TRTPDPxwFh",0,0,Pembrokeshire 
2021-08-14 23:01:44,lizard817,Liz üåä üåä üåä üåä,@GovRonDeSantis If you won‚Äôt get the vaccine because it‚Äôs EUA this is EUA also. ‚ÄúThe treatment should be given to p‚Ä¶ https://t.co/6hiBOVQhzd,0,0,"Florida, USA"
2021-08-14 23:01:44,GreyCat45,R.B.,"@globeandmail They can by just 1 or 40M, either way the vaccines are useless- get the shots and you can still get t‚Ä¶ https://t.co/IrqVqwTx5h",0,0,
2021-08-14 23:01:43,sandykaye38,Kaye Porter,'Vaccine passports' are here. Here's how to prove your Covid-19 vaccination status on your phone - CNN https://t.co/Wx2AmcOzzL,0,0,United States
2021-08-14 23:01:43,CosmoFaenyx,Arcadian Feypunk ü¶ì (Fey/Fem),"@Mau1019 @my2centsay @DonaldMBraden Not to mention that no, not everyone can get the vaccine. Some disabled people,‚Ä¶ https://t.co/kCnuU6Bm64",0,0,
2021-08-14 23:01:43,natashainoz,Natasha in Oz,Teachers in elite Sydney schools use private Pfizer hubs while teachers in Sydney‚Äôs worst affected areas have still‚Ä¶ https://t.co/IViUajZ835,0,0,"Melbourne, Victoria"
2021-08-14 23:01:43,RIBeastie,RIBeastie,US border agents in Tennessee have seized thousands of counterfeit Covid-19 vaccination cards - CNN‚Ä¶ https://t.co/PjJCJtmP20,0,0,Rhode Island
2021-08-14 23:01:42,FearlessR2W,Fearless R2W Circle of Support,All North End residents 12 &amp; up are invited to join us and FearlessR2W - Circle of Support for a Pop Up Vaccine Cli‚Ä¶ https://t.co/JtphckYZtx,0,0,"The R2W, Winnipeg, MB"
2021-08-14 23:01:42,nadiadiiazzz,nadia,no bc how can one of ur parents die from covid &amp; you still don‚Äôt believe in the vaccine‚Ä¶,0,0,
2021-08-14 23:01:41,sanshandle2,sanshandle,"@BillSpata @MiniDOGEToken Can‚Äôt let it happen, it‚Äôs unconstitutional and would also be a criminal offence under the‚Ä¶ https://t.co/szkiNXNllo",0,0,Sydney 
2021-08-14 23:01:41,wheeltheory,Cycling Scientist,@ASlavitt This seems to be the hardest point for the general public to understand. You don't become bulletproof onc‚Ä¶ https://t.co/QcE3HNOV6U,0,0,"San Diego, CA"
2021-08-14 23:01:40,cnielse33225110,cnielsen,"@thebutterknife I do not know what is inside. Not in this vaccine, not in the meatball, not in cola, not in the ink‚Ä¶ https://t.co/xttqHDmF7f",0,0,"Hovedstaden, Danmark"
2021-08-14 23:01:40,almalovedogs,alma,Deaths because of the vaccine https://t.co/RkUxrnHVwr,0,0,"Ontario, Canada"
2021-08-14 23:01:40,PodcastKevin,Kevin‚Äôs Podcast Show- Coming back soon?,"@LicentiousMaxi1 @jordanbpeterson My individual freedom ends where yours begins, &amp; vice versa. Requiring vaccine fo‚Ä¶ https://t.co/ui3BJpuQEb",0,0,"Tennessee, USA"
2021-08-14 23:01:40,fye_randy,Randy Fye,"@stevenjfrisch @AlanBayer2 @thehill First of all we are not a fully democratic country. So tell me, when was the la‚Ä¶ https://t.co/pL9N30AU7F",0,0,
2021-08-14 23:01:40,1AmericanBob,American Bob,@babs01902 @Achies_store üò• it‚Äôs not going away jackass! We are all going to get it. Vaccine or not! No fear here,0,0,
2021-08-14 23:01:40,LG500R,LG,@TucsonRomero can I get a vaccine vial to analyze in a private laboratory? https://t.co/VqTxYjTWGT,0,0,
2021-08-14 23:01:39,gobrowns1,Pessimistic Optimist,"@StopTheCriminal @HelenG63105 Can anyone post what‚Äôs in Monster Energy Drinks?  I‚Äôm too lazy to look it up, and tha‚Ä¶ https://t.co/pEiOVLhv2m",0,0,"Ohio, USA"
2021-08-14 23:01:36,Jacquitac,Jacquita,"Aren't people aware of their rights under the Nuremberg Code?
https://t.co/ynx9Je7hpb",0,0,Anywhere and everywhere
2021-08-14 23:01:35,Beva58,Beva5,IF you have a reaction after the second shot it‚Äôs over in a matter of two three hours. The vaccine is definitely wo‚Ä¶ https://t.co/649WPkddDP,0,1,"Grand Prairie, TX"
2021-08-14 23:01:35,ourmirrors,ju;,"Niall I had the vaccine the other day, I can't wait to see you on tour and I hope it's soon üôèüèº",0,0,
2021-08-14 23:01:34,tropichef,Melissa,@patriottakes Apparently we‚Äôre just going to have to figure out how to put the vaccine in a damn crop duster,0,0,
2021-08-14 23:01:34,Ernie19861,Ernie1986,@SharylAttkisson When will the CDC admit what it knows to be true. Natural immunity is far superior to a vaccine. B‚Ä¶ https://t.co/OxV0jHJjvT,0,1,
2021-08-14 23:01:32,yamane_patricia,Patricia Yamane,'Vaccine passports' are here. Here's how to prove your Covid-19 vaccination status on your phone - CNN https://t.co/yhjuyPkHc1,0,0,"Chicago, IL"
2021-08-14 23:01:29,CarolinaRestini,Carolina Restini,CDC advisory panel recommends 3rd vaccine dose for people with weakened immune systems - NPR https://t.co/bWuqwNEPzm,0,0,
2021-08-14 23:01:29,arlomagnini,Arlo Magnini,@alexfeinberg1 Why not some kind of malicious compliance? People against this bullshit booking up all the vaccine a‚Ä¶ https://t.co/09edz4acY0,0,0,
2021-08-14 23:01:29,KStateTurk,K-State Turk,@sandycreekmill @films_virus @daninphx @mcfunny @Chris_F_Carson @rapidgator99 @DanitaDay19 @harddie41 @richienrg‚Ä¶ https://t.co/3DqHhAlI7S,0,0,Kansas City
2021-08-14 23:01:28,halfclearlungs,carlitos,if the vaccine dropped like yeezys do the entire country would have been vaxxed already https://t.co/P1cOb8gqbC,0,0,he/him
2021-08-14 23:01:28,scepticalzizi,üíâfeminist wine drinker,"A great leader would have ensured a continual vaccine supply, would have a plan for Australia to beat covid, a plan‚Ä¶ https://t.co/njV0hRp2T4",0,0,kaurna land
2021-08-14 23:01:28,MingZuiDavid,David Phillips,@komonews If they do I won't ever get another vaccine shot. Why risk the vaccine if they just cater to the stupid who refuse it?,0,0,Everywhere
2021-08-14 23:01:27,Deplorable_Cuh,Pass_The_Parm,@JoeBiden You working on the Delta Variant vaccine or nah?,0,0,"Malibu, CA"
2021-08-14 23:01:27,Ginger_Cleary,Me,@_ricoee @chris_notcapn Everyone knows you can get covid after a vaccination. The vaccine shows the body a syntheti‚Ä¶ https://t.co/IIBPcVHU4K,0,0,"California, USA"
2021-08-14 23:01:27,fzbmff,-,@dhiafqh what vaccine babe!!,0,0,three cheers for sweet revenge
2021-08-14 23:01:26,worthalooksie,Taylor Geedey,@JoeBiden We‚Äôre not going to win if half of us do something different. A variant that subsides our current vaccine‚Ä¶ https://t.co/w8G2Dh7A8H,0,0,"Delaware, USA"
2021-08-14 23:01:26,BlackVoice4u,BlackVoice4u,"So trump supporters &amp; anti-vaxxers are so against a vaccine that they plan to attack healthcare workers?

Yet they'‚Ä¶ https://t.co/Mmorwt9FmA",0,0,Belly of the beast
2021-08-14 23:01:26,CookieMiam69,CookieMonster69,@TripleMask69 @Kintsugi_Ken @HexMorningstar @prageru Don't you already have a vaccine passport? A visa? What's the‚Ä¶ https://t.co/Ir7YzaVmE2,0,0,
2021-08-14 23:01:25,jtsnowfish,Jean Snowden,@LibMarianne @OAtreides @DJRN0255 My husband succumbed to my nagging and got the J&amp;J vaccine. He will more willingl‚Ä¶ https://t.co/uuERUY6uHp,0,0,"Madison, AL"
2021-08-14 23:01:25,VoteBlueLiberal,#VoteBlue,"@tedcruz I prefer NO TED CRUZ. You are far more deadly to the American people than COVID-19, or the DELTA and LAMBD‚Ä¶ https://t.co/whNziHAKtm",0,0,
2021-08-14 23:01:25,K_Mayhem164,Munguia ÁÅ´ÈÅÅ,Dude the vaccine side effects are kicking my ass. Fuck,0,0,"Earth: 19*25'57N , 99*07'59W"
2021-08-14 23:01:24,DomaLady,LooksLike,"@BermanNDP @Carolyn_Bennett And yet she's the first to call disinformation about covid, yet uses the vaccine as a w‚Ä¶ https://t.co/3VTlWBdp3b",0,0,Canada
2021-08-14 23:01:24,StandUp78920516,Stand Up,"Know someone who ""wants"" the poison shot?

Get them to have a watch of this.  

Scientist shows vaccine effects in‚Ä¶ https://t.co/S04SivPWMT",0,0,
2021-08-14 23:01:23,Code_MAGA,Jon,@bhadley16 There are also people saying if you don‚Äôt get the vaccine then you don‚Äôt support the first presidency. S‚Ä¶ https://t.co/9sYGyA7b7M,0,0,
2021-08-14 23:01:23,GioLovesYou,GioLovesYou üåã,"@GeorgeTakei He's not saying they shouldn't receive care, he's saying that they should not receive PRIORITY care wh‚Ä¶ https://t.co/gcHQdVMPmZ",0,0,Kauai & Seattle
2021-08-14 23:01:22,alikat747,Ali Van Zee,@LOLGOP @TweettheSouth That #vaccine has been in development since 2002 when the first Covid/SARS virus was discove‚Ä¶ https://t.co/M0w8b2aSLj,0,0,Bear/Lion/Wolf dens. 
2021-08-14 23:01:22,TXRangersBBGAL,TXRangersBB,@TashaCNS @DocWhatever @chris_notcapn Exactly as an LPN to RN see your way out this conversation. Frankly this has‚Ä¶ https://t.co/lNgHbqlrLR,0,0,
2021-08-14 23:01:21,naasvzyl,Ignatius van Zyl,@9hills1 @TimVPartB @DrTomFrieden There is hard evidence that healthy people are dying from heart attacks and strok‚Ä¶ https://t.co/oa356McO3q,0,0,
2021-08-14 23:01:21,Jennythewolf74,Jenny Seifert,@SenTedCruz What is the matter afraid of a little needle? Let's be real. You don't want to have mask or vaccine man‚Ä¶ https://t.co/IHf65rQTzw,0,0,"Stafford, TX"
2021-08-14 23:01:21,Online_Pikin,Online-Pikin,South Africa has become the first African country ahead of Nigeria and others to broker a business deal to commence‚Ä¶ https://t.co/iNm8iDFI8h,0,0,Nigeria
2021-08-14 23:01:21,thevocaljrnl,thevocaljrnl,"If you eat fast food, why you worried about whats in the vaccine??",0,0,"Texas, USA"
2021-08-14 23:01:17,Scarsbrook_G,Graham Scarsbrook,"Stupid or what??!
Jab  trial shambles has left me in Covid passport limbo
 https://t.co/tprv3MxScO",0,0,"South West, England"
2021-08-14 23:01:17,tonydahlin,Tony Dahlin,@JerSkaggs @MtnShepherdess @jbgraeber I‚Äôve already had Covid!! I‚Äôm in a low risk group. There is zero data that sup‚Ä¶ https://t.co/g3T4UzN6W5,0,0,"Geneva, IL"
2021-08-14 23:01:17,mixedflicker,holly ü§ç‚Äôs hobi,i need to sleep ive to be up at 7 to go get my vaccine,0,0,"n, en-, bts"
2021-08-14 23:01:16,bubba_coz,Justin Cosby,"@KKOOT6 @ScienceNews Or you can wear six masks at once, never leave your house, destroy the entire economy, and inj‚Ä¶ https://t.co/1WEVdY0xbi",0,0,
2021-08-14 23:01:15,DanaCarroll67,‚òÜExtremely Understated,"He has so much blood on his hands. 

Trump won't encourage vaccines because he doesn't want to help Biden -- and he‚Ä¶ https://t.co/sNDWDjw7Qe",0,0,"Shreveport, LA"
2021-08-14 23:01:14,aserra24,Lawyer Alexandria Serra,Who can ask about your vaccine status? Here‚Äôs what you need to know about HIPAA | PBS NewsHour https://t.co/JzeM2QlHPe,0,1,"El Paso, TX"
2021-08-14 23:01:13,DiscoAttorney,Disco Rob,"@patriottakes So many angry people who probably have smallpox vaccine scars.
Also, the the ‚Äúdont blame me I voted f‚Ä¶ https://t.co/ByOFwBSise",0,0,The Cloud
2021-08-14 23:01:12,MEM90113,MEM901,I wonder if any in-vaxed folks will see this and think ‚Äúdamn I should go get that vaccine!‚Äù Or will they just let i‚Ä¶ https://t.co/PksVry1lYN,0,0,"Memphis, TN"
2021-08-14 23:01:11,CryptoMagnetdsm,Crypto Magnet,"@treasonstickers @JoeBiden I believe in science, and science says the vaccine doesn't keep you from getting or spre‚Ä¶ https://t.co/h4hu4ipTF3",0,0,"Des Moines, IA"
2021-08-14 23:01:11,PresslerJordan,Jordan Pressler,@Eden_Eats @joerussotweets Yeah I disagree. I think it's the millions of vaccinated dopes who think that having the‚Ä¶ https://t.co/9iwFLhn13c,0,0,"Cherry Hill, New Jersey"
2021-08-14 23:01:10,Jessica16532499,OhMeOhMy,@AimeeRothwellRN @sillygal07 @Duke1Lisa @shvetaraju What?! Are you really a nurse? Every single delta case in a vac‚Ä¶ https://t.co/jFuKKGOUiF,0,0,
2021-08-14 23:01:09,NBCLA,NBC Los Angeles,"Among those qualifying for the booster shots available starting Saturday are organ transplant recipients, people un‚Ä¶ https://t.co/Lm2qSQPJHb",1,1,Southern California
2021-08-14 23:01:09,mad_hatter_87,Mad Hatter,"@MartianMushru @zcichy @TuckerCarlson Of course there are a lot of Pro Vaccine UFO accounts.

Just because we belie‚Ä¶ https://t.co/xHWB52Uqbj",0,0,"Huntsville, Alabama"
2021-08-14 23:01:07,iamperrypiper,Perry Piper,"Would it be unethical for a person administering the vaccine to tell people it's a placebo, but they have to make i‚Ä¶ https://t.co/7Ic05JamjW",0,0,"Portland, OR"
2021-08-14 23:01:07,HeckWhadda,WhaddaHeck,@Not_Meis @sourpatchlyds @cassaleigh_ I‚Äôm guessing this person is immunocompromised or has had a bad vaccine reacti‚Ä¶ https://t.co/TGS7xtoaKw,0,0,
2021-08-14 23:01:07,BearPawMassage,"Dora Gonzalez, LMT",@PharmacistMama @Lynx4n6 @IngeborgRakvag I perhaps the response of the body to vaccine is personal as each immune s‚Ä¶ https://t.co/hcN8crBu4u,0,0,"Mtn.View, Arkansas"
2021-08-14 23:01:06,SnakeFragile,A fragile snake,@billyg85 @Covid19Critical @dave_newby Ah yes let me pay thousands for this treatment instead of 0 for a proven vaccine. üëè,0,0,
2021-08-14 23:01:04,SaarioBrandon,Brandon Saario,"@JeremyDBoreing @AdamBaldwin I made my own personal choice to get the vaccine. Headache for almost 4 weeks now,  ne‚Ä¶ https://t.co/xq2eTdZspL",0,0,"Granada Hills, Los Angeles"
2021-08-14 23:01:03,BigG22177440,Big G,"@DaveKelley6 @JoeBiden There's no vaccine, just an experimental medical treatment.",0,0,"Wisconsin, USA"
2021-08-14 23:01:02,Mgcurley11,Mark Curley,You‚Äôre a special kind of asshole if you equate the vaccine rollout to the Holocaust.,0,0,
2021-08-14 23:01:01,B_better_now,Pushy Ultracrepidarian,'Vaccine passports' are here. Here's how to prove your Covid-19 vaccination status on your phone - CNN https://t.co/SVjUgJ1sU5,0,0,
2021-08-14 23:01:01,talespin22,Pragmagressive üè≥Ô∏è‚Äçüåà,"@lauferlaw @RavOrig @ASlavitt Yes, it's the incubating new mutations - like walking labs - that poses an enormous c‚Ä¶ https://t.co/JDPsKyc87s",0,0,Western Mass
2021-08-14 23:01:01,ScottFordhealey,scott harshbarger,@kurteichenwald I am most flabbergasted that the MAGAts don't believe in Trumps vaccine that he discovered under op‚Ä¶ https://t.co/R4BY6c0CCN,0,0,"Washington, USA"
2021-08-14 23:01:00,TwoHammel,Jonathon,No patriotic vaccine for me and the glasses that caused the fight.,0,0,
2021-08-14 23:01:00,lightmyacid,ÿ±ŸêŸÅŸéÿßŸÇŸí ŸÅŸêŸäŸàŸÜŸéÿß ÿ¢ŸæŸëŸêŸÑ,i feel like shit and idk if it‚Äôs the vaccine and just general lack of appetite for life,0,0,ÿßŸÑÿ¨ÿ®ŸÑ ÿßŸÑŸÖŸÑŸÉŸä
2021-08-14 23:01:00,Sky48115666,Sky,@Brexit011 @cozieblanket @SusieJ7567 @AdamJSBounds Talk about get the violins out. Didums. What is it with people ü§î‚Ä¶ https://t.co/E6rlkEn2Uk,0,0,
2021-08-14 23:00:59,gnkamat,Ganesh Kamat_M.S.(USA) 50yrExp. Structural Auditor,"@AUThackeray @CMOMaharashtra @mybmc Vaccinate most!
by Paid &amp; Free Vaccine
to protect Life/Job/Exam!
is Feasible by‚Ä¶ https://t.co/1SQzi29Wz7",0,0,Mumbai
2021-08-14 23:00:59,HeadshotsStocks,GetHeadshotz,@MFHoz Why are we having breakout cases for vaccinated durin the middle of summer when respiratory viruses like inf‚Ä¶ https://t.co/e9gNvWiUfk,0,0,"Miami, FL"
2021-08-14 23:00:59,Keithph31233309,Keith phillips,@RadioGuyChris @HappyTrail007 60 year old gay man and I have never seen people be so stupid about a shot that is no‚Ä¶ https://t.co/Q9m2By0r7Z,0,0,
2021-08-14 23:00:58,ttgof_,Timothy,@CainAislinn @anet2111 Well then what are you at risk from treating treating an unvaccinated patient. Are there really vaccine doubts?,0,0,"Missouri, USA"
2021-08-14 23:00:58,thesharpiesharp,Sharpie,@CraigKellyMP Your team needs to read the following article. The formulas used by the cdc may actually hide the sev‚Ä¶ https://t.co/hDESSuv9qa,0,0,
2021-08-14 23:00:57,bmhochberg,Barry Hochberg,"@sirhottest And plenty of unvaccinated people are actually paying for fake cards. Not sure what‚Äôs worse, bragging o‚Ä¶ https://t.co/TX0EUXU9UY",0,0,"Marlboro, NJ"
2021-08-14 23:00:56,gumerlockdown,marco de yolo #WeDoNotComply,@TheRightMelissa PhDs are the most vaccine resistant group! PhD lives matter!,0,0,
2021-08-14 23:00:55,QuotableGuru,Guru,"@washingtonpost ""The vaccine should be tested on politicians first. If they survive, the vaccine is safe. If they d‚Ä¶ https://t.co/5v9tZznvBG",0,0,
2021-08-14 23:00:55,martooner,Martin,@kitawny24 @GinnieRose08 I want their vaccine.,0,0,Toronto
2021-08-14 23:00:55,monterrang1,monterrang,"@AleximusPrime so... doing with the vaccine what we do with the police, prison &amp; the army?",0,0,"Upper Normandy, France"
2021-08-14 23:00:54,Digital_kaz,Kaz - Digital,@ellymelly My argument was that vaccine injuries are difficult to get acknowledged so where are the protections for‚Ä¶ https://t.co/He6D54tKw1,0,0,"Melbourne, Victoria"
2021-08-14 23:00:54,lisacwright63,Lisa Wright,@nypizzarules @ConceptualJames i didn‚Äôt get vaccine for covid and it was like a cold too. And i have every ailment‚Ä¶ https://t.co/gQ09QZAFXb,0,0,
2021-08-14 23:00:54,droberts2011,Dave Roberts,@nypost The mullet of Gideon...no vaccine is taking him down with that coiffe,0,0,
2021-08-14 23:00:54,jaxmain80,Jay Skel,"@washingtonpost Get the vaccine or get fired? Uh I can do better 

Get vaccinated or get dead.",0,1,1v2 on Top Lane
2021-08-14 23:00:54,lisacwright63,Lisa Wright,@ConceptualJames @SebGorka some stupid people out there obviously illiterate because all the info is out there even‚Ä¶ https://t.co/LexzLinT7d,0,0,
2021-08-14 23:00:53,Roshan_Rinaldi,Roshan Rinaldi,"South Carolina sees highest COVID-19 case count since January 

(If only there was a vaccine.)

https://t.co/LtbFUGKeg0",1,4,
2021-08-14 23:00:53,JasonMB,JasonMB,"I just went for a haircut, mask required, disenfectant spray on the hands and all. 

Of course they start talking l‚Ä¶ https://t.co/tGWGjFf3GV",0,0,"Austin, TX"
2021-08-14 23:00:52,Frances65403943,Francesca Lee,The vaccine has become nothing but a political tool,0,0,"Florence, SC"
2021-08-14 23:00:52,WaYs2rOcK,WaYs2rOcK,‚ÄòNo concept of how awful it was‚Äô: the forgotten world of pre-vaccine childhood in Australia | Vaccines and¬†immunisa‚Ä¶ https://t.co/dzmxXpmpPN,0,0,"New Delhi, India"
2021-08-14 23:00:51,BoobaWarrior,Bronze Age Breast Fondler,shove that vaccine up your nasty rotten cnut you dirty hooer. https://t.co/npXMQLzN8Z,0,0,
2021-08-14 23:00:50,btsxangie,angela‚Å∑ ‚ô°À¢ ·µá·µóÀ¢,"@JM_Sparkle Goodnight char !! I hope the vaccine goes well and doesn't hurt too much üíú sleep well and sweet dreams, see you tmrw !!",0,0,she/her
2021-08-14 23:00:48,BixbyDjane,Djane Bixby,@nicoleshodges @jkelly3rd @SEHCoyle They are not that kind of ‚ÄúChristian‚Äù.  They want to say no to the vaccine for‚Ä¶ https://t.co/6apvr0eM2j,0,0,
2021-08-14 23:00:48,pawprints1986,Laney üë©‚Äçüíªü•Ñüçäüá®üá¶,"@OAudits I know exactly what that means, the vaccine helps IN THOSE THAT CAN TAKE IT. Ffs. 

No in the Nazi compari‚Ä¶ https://t.co/E6quPiHhxr",0,0,Canada
2021-08-14 23:00:48,JMarkOckerbloom,John Mark Ockerbloom,"@RepThomasMassie @factcheckdotorg Factcheck  . org is at the U of Pennsylvania, and its director is a journalist:‚Ä¶ https://t.co/kvuKWZ02y6",0,0,Philadelphia
2021-08-14 23:00:48,Susan87944900,Susan,@WufpakRed @PrincipledProg1 @RepThomasMassie it is lifesaving. same as the polio vaccine and the smallpox vaccine.‚Ä¶ https://t.co/JZvVtppXoK,0,0,
2021-08-14 23:00:47,missybemackin,TheeQueerHoochieüåàüòà,Yall mfs don't even know what's in ibuprofen but be sitting up here arguing about the covid vaccine lol I hope yall have endless headaches,0,0,"Cleveland, OH"
2021-08-14 23:00:47,WestportOnika,LoveMyGoats,TRUMP NEVER TOOK A TWO WEEK VACATION. Say that again. Why is Joe 6 mos in? ü§° #Covid #Vaccine #Trump #Biden #FreeBritney #WakeUp,0,0,Ozarks
2021-08-14 23:00:47,hidadhidadhidad,üá∫üá∏Don Keedicküá∫üá∏,@GovRonDeSantis These are under emergency use authorization and we‚Äôre developed using aborted human fetal cells. Wh‚Ä¶ https://t.co/tRt7WHzi05,0,0,
2021-08-14 23:00:47,yourdai26236071,yourdailydoseoftruth,@nothenrygale @chrissaccoccia1 Tattoos. Serious. Collagen lips. But no life saving vaccine.  What a time to be aliv‚Ä¶ https://t.co/T1HNsZ8L2x,0,0,
2021-08-14 23:00:47,effortlessty,Messiah,it‚Äôs not really a vaccine it‚Äôs a experimental treatment. they‚Äôre only calling it a vaccine cuz you can‚Äôt sue for an‚Ä¶ https://t.co/kGVkPoE7i6,0,0,M.I.A
2021-08-14 23:00:46,tomodachi1977,Crying Freeman,"I agree. ""Freedom loving"" anti-vaxxers shouldn't have to burden already strained local medical systems with the con‚Ä¶ https://t.co/IIA9IKajHs",0,0,
2021-08-14 23:00:45,andradare,Andra Dare,@anet2111 Are you saying you‚Äôre being threatened by anti-vaccine and COVID conspiracy theorists? Where is this happening?,0,0,"Seattle, WA"
2021-08-14 23:00:45,sambox71,Ch3zNYC,@CyborgIsBroken @Nothing2cHere27 @DanetteComedy I would think it's because the vaccine was stronger for the origina‚Ä¶ https://t.co/e5M575eMOa,0,0,"New York, USA"
2021-08-14 23:00:44,NYCKNP,Kalind,'Vaccine passports' are here. Here's how to prove your Covid-19 vaccination status on your phone - CNN https://t.co/pDoBTIEtL7,0,0,
2021-08-14 23:00:44,WSJopinion,WSJ Editorial Page,For families with vaccine-eligible teens‚Äîwho in New York and most other states need parental consent to get vaccina‚Ä¶ https://t.co/Sj30fv9QN7,0,0,New York
2021-08-14 23:00:44,TMcGreenberg,Tamara M. Greenberg,"WOW

‚ÄúWhen Facebook shut down our accounts, we had just begun studies intended to determine whether the platform is‚Ä¶ https://t.co/ZS524Tf5PA",0,0,San Francisco
2021-08-14 23:00:41,ConversationEDU,The Conversation,"TOP ARTICLE: Our most-read piece this week was our explainer on the #Moderna vaccine, which was provisionally appro‚Ä¶ https://t.co/ELb01QFKx6",2,1,Australia
2021-08-14 23:00:41,oldtacman,Mark,@AinsworthKeith No vaccine for me. My choice.,0,0,"New Berlin, WI"
2021-08-14 23:00:41,NaturalEssencee,VENESE,I was skeptical of the flu shot because it was NEVER in my favor when I had to take it. So if I‚Äôm questioning the v‚Ä¶ https://t.co/hRtUtxeEwM,0,0,Jamaica
2021-08-14 23:00:40,kicknit23,Kicknit Old School,"@Georgehn1 @jewelsjademedia @SClarified In fact this ""investigational drug"" is so great that CDC is telling people‚Ä¶ https://t.co/Vq0LSsf1JU",0,0,
2021-08-14 23:00:38,nursewhocares1,nursewhocares,"@thedailybeast Rump would much rather see thousands of people and children die, before he would tout the vaccine th‚Ä¶ https://t.co/UjWkbt26Fh",0,0,Oregon/Arizona
2021-08-14 23:00:38,cabinetdoorgirl,cabinet door girl,@BentnWasted First of all it‚Äôs sad when anyone dies . Secondly these people touting that you won‚Äôt die if you get the vaccine are lying .,0,0,"Arkansas, USA"
2021-08-14 23:00:38,GrhamNative,grham native,This is more dangerous than not having a vaccine passport at all because were aware of how much packing is going on‚Ä¶ https://t.co/056VcAThZm,0,0,
2021-08-14 23:00:37,Not26404350,Prince Enoki,@PaulNewland15 @blogTO What are the long term side effects? Answers this and I'll get my vaccine.,0,0,Space
2021-08-14 23:00:37,Fiery_Archer,Fiery Archer üå∏,"Now the people of #Montreal, #Canada join a growing roll call of people around the globe protesting against vaccine‚Ä¶ https://t.co/yU6gH8AmYd",0,0,United Kingdom
2021-08-14 23:00:37,machinimagic,MachiniMagic,Even a social network for doctors is struggling with vaccine misinformation https://t.co/YNeh1wLZtT https://t.co/mbxlALyOSG,0,0,France
2021-08-14 23:00:36,FailSiphon,CK,@MrFutureVP @Official__Reina @valeriemfnguyen And the vaccine not being 100% effective isn't a good reason not to g‚Ä¶ https://t.co/CLSWUsLTrx,0,0,
2021-08-14 23:00:36,DeniceScala,Denice Scala,‚ÄòNo concept of how awful it was‚Äô: the forgotten world of pre-vaccine childhood in Australia https://t.co/DOqU5rB529,0,0,"Sydney, New South Wales"
2021-08-14 23:00:36,glogan,glogan,"""opportunity"" to have a vaccine is far from having a vaccine.  We waited this long to discover that you did not hav‚Ä¶ https://t.co/S232yDGoI2",0,0,
2021-08-14 23:00:34,Kat74291371,Kat,"@AKNewsNow Dont want a vaccine? Dont want to wear a mask? Fine. Sign a frigging waiver so that, if you get COVID, y‚Ä¶ https://t.co/4yF6miD6rr",0,0,
2021-08-14 23:00:34,genesisna69,genesis na,"@PeggyHaymes @Guijsilvarang @Awake823Mama Guess what, had the virus before they even had a vaccine. Got over it in‚Ä¶ https://t.co/Qq4dMuZo3E",0,0,
2021-08-14 23:00:33,SredniEel,Sredni Eelüê≤,"@JoshMandelOhio Because being unvaccinated is *exactly* like being black. Next, you'll be claiming cops beat you up‚Ä¶ https://t.co/WX0cX7Ml5N",0,0,Living in a Split Level Head
2021-08-14 23:00:33,CatherineLouck3,Katie Loucks,@emilytorbs Just get the vaccine and you won't need to spend your hard earned money on a hospital trip and expensiv‚Ä¶ https://t.co/jqSz2Dh97x,0,0,
2021-08-14 23:00:32,FeliciaTawil,üêæ FT-No2tRump ü§¨,"@Profess30278509 @WeHearPodcast Since the lies of 45 &amp; every enabling MAGAT killed off 600k people, including my Fi‚Ä¶ https://t.co/2LE8Zf3CyJ",0,0,
2021-08-14 23:00:32,Daniel_Davies,Dan Davies,Com on #peacecountry - drive through vaccine today 5-9pm! Pop in after work! https://t.co/evZ1J3jihl,0,0,Fort St. John
2021-08-14 23:00:30,ckyys,Cheryl K,@Mags_0618 You got it!! But doctors fear what's coming Sept because vaxxed ppl are carrying a larger viral load.  T‚Ä¶ https://t.co/UPaEv5jg7R,0,0,Vancouver Island
2021-08-14 23:00:30,rpfirm,Reilly,It‚Äôs 2021 let me add my vaccine card to my Apple wallet since it won‚Äôt fit in my actual wallet,0,0,"Boston, MA"
2021-08-14 23:00:29,LarryBoorstein,Laurence (Larry) Boorstein,Vaccine hesitancy is largely on Biden.  Biden put Dr Fauci who isn't trusted by nearly half the population.  Biden‚Ä¶ https://t.co/HOkxe5oH8L,0,0,"Virginia, USA"
2021-08-14 23:00:27,supertalk,SuperTalk Mississippi,ICYMI:  Kiffin discussed how the team got to this point after it was reported around the time of SEC Media Days tha‚Ä¶ https://t.co/U41bEuJOYR,0,0,Mississippi
2021-08-14 23:00:26,ReneeJ77237138,ReneeJ,@TPharce @JayHeatTheKilla @jefftimmer Doesn‚Äôt it just kill you when QOP has a problem with this woman getting shot‚Ä¶ https://t.co/oBXfBUgZm4,0,0,"Chicago, IL"
2021-08-14 23:00:26,tannie1290,bonobonoyaüßà,"@JM_Sparkle Well be careful with vaccine Charlotte
Rest a lot ok
Hoping best for you!
Goodnight
I think I should sl‚Ä¶ https://t.co/XIN9eNEIrS",0,0,"BTS heart, 13/06"
2021-08-14 23:00:26,Star2fireDenise,grammaüëµüèªüè°,@deaflibertarian A ‚Äúcertain group of people‚Äù who are rabid trumpers and refuse to get a vaccine or wear a mask? Tha‚Ä¶ https://t.co/sAGxsr4DsH,0,0,Matthew 6:1-4
2021-08-14 23:00:25,_Dharmabum_,Benjamin Scherliss,@Jason_from_314 @ASlavitt Go to Walgreen‚Äôs or Target and get a booster. I did (J&amp;J back in March). https://t.co/68z2e3Ub9U,0,0,"#Dogtown, St. Louis City"
2021-08-14 23:00:25,aznananc,Rogue Bot Mom,@kkaystronger @PeachyInNJ @adamnagourney @maureendowd So you wanted to rewatch or read a tweet. And the content of‚Ä¶ https://t.co/QZkfBffNTH,0,0,"Arizona, USA"
2021-08-14 23:00:24,m1k3_f,Mike,"@LCRWnews Idiots- We don‚Äôt want a stinking vaccine. 

Same idiots- we want you to have an ID to vote.

Also same id‚Ä¶ https://t.co/TxpKd8V4Vx",0,0,Somewhere 
2021-08-14 23:00:24,ElMirageArizona,City of El Mirage,üíâüó∫Ô∏èüìçFind vaccine locations in and near El Mirage using mapping tools and other up-to-date information on COVID-19 r‚Ä¶ https://t.co/JnidmSTJZD,0,0,"El Mirage, Arizona "
2021-08-14 23:00:22,karee70091349,karee,@ATM142 @mrembula_T No death in SA has yet been attributed to a Covid vaccine by SAHPRA,0,0,
2021-08-14 23:00:21,VickieVickie85,Vickie85,@princeuthmon New York has the vaccine passport.,0,0,New York
2021-08-14 23:00:19,samanthacoast,Coastal Lifeüå∫,@try_thinking0 I encourage everyone to search VAERS. I did. Then you have to weigh the odds and decide how risky it‚Ä¶ https://t.co/resy98AWdh,0,0,
2021-08-14 23:00:19,Itsmeeli93,It‚Äôsme!,"ÿ®ŸÇ€åŸá ŸÖŸÜÿ™ÿ∏ÿ± ⁄Ü€å Ÿáÿ≥ÿ™ŸÜÿü 

'Vaccine passports' are here. Here's how to prove your Covid-19 vaccination status on your ph‚Ä¶ https://t.co/RvcIMQlLeL",0,0,United States
2021-08-14 23:00:18,leveragetrading,≈Åitecoin Bull,Imagine getting vaxxed and still being more afraid of the virus than the unvaxxed and blaming #antivaxxers for the vaccine not working  ü§°üòÇ,0,1,Earth
2021-08-14 23:00:18,AUG_Chronicle,Augusta Chronicle,Full approval of COVID-19 vaccines by the Food and Drug Administration could be closer than we think. https://t.co/BVjJxhyPDN,0,0,"Augusta, Ga"
2021-08-14 23:00:18,StarNewsOnline,StarNewsOnline,Full approval of COVID-19 vaccines by the Food and Drug Administration could be closer than we think. https://t.co/VDUzv7xMDd,0,0,"√úT: 34.092992,-77.897074"
2021-08-14 23:00:18,NewsLeaderNOW,The News Leader,Full approval of COVID-19 vaccines by the Food and Drug Administration could be closer than we think. https://t.co/LNvcVihNTS,0,0,"Staunton, Va."
2021-08-14 23:00:18,Courier_Tribune,The Courier-Tribune,Full approval of COVID-19 vaccines by the Food and Drug Administration could be closer than we think. https://t.co/yo6si37l4M,0,0,"Asheboro, North Carolina"
2021-08-14 23:00:18,fayobserver,FayettevilleObserver,Full approval of COVID-19 vaccines by the Food and Drug Administration could be closer than we think. https://t.co/htgbvN8bx6,0,0,"Fayetteville, NC"
2021-08-14 23:00:17,asheville,The Citizen Times,Full approval of COVID-19 vaccines by the Food and Drug Administration could be closer than we think. https://t.co/dCJteiAxCY,0,1,"Asheville, NC, USA"
2021-08-14 23:00:17,WLBT,WLBT 3 On Your Side,"As New Orleans enacts the new requirement for proof of vaccination, phony cards are now added to the list of things‚Ä¶ https://t.co/kbaZiXXzeA",0,0,"Jackson, MS"
2021-08-14 23:00:17,lexdispatch,The Dispatch,Full approval of COVID-19 vaccines by the Food and Drug Administration could be closer than we think. https://t.co/Fy3zdUQh4x,0,0,"Lexington, N.C."
2021-08-14 23:00:17,kinstonfp,Kinston Free Press,Full approval of COVID-19 vaccines by the Food and Drug Administration could be closer than we think. https://t.co/o4adsp0LdF,0,0,"Kinston, NC"
2021-08-14 23:00:17,gp_tx,"Grand Prairie, TX",Make sure you prepare your‚ÄØstudent for a successful school year by‚ÄØ visiting https://t.co/FWmIpiBSi8 to schedule th‚Ä¶ https://t.co/pfWYpDPwPQ,1,0,"Grand Prairie, Texas"
2021-08-14 23:00:17,JDNews,The Daily News,Full approval of COVID-19 vaccines by the Food and Drug Administration could be closer than we think. https://t.co/4qXeUWXKnj,0,0,"Jacksonville, North Carolina"
2021-08-14 23:00:17,thetimesnews,Burlington TimesNews,Full approval of COVID-19 vaccines by the Food and Drug Administration could be closer than we think. https://t.co/l2euavMz7U,0,0,"Burlington, NC"
2021-08-14 23:00:17,WFMY,WFMY News 2,"Violating COVID-19 mandates, including falsifying a vaccination card, is a misdemeanor that can result in a fine of‚Ä¶ https://t.co/rLxvr70rvG",1,1,"Greensboro, North Carolina"
2021-08-14 23:00:17,GoUpstate,Herald-Journal,Full approval of COVID-19 vaccines by the Food and Drug Administration could be closer than we think. https://t.co/a5p9D3ofv8,0,0,"Spartanburg, SC"
2021-08-14 23:00:17,oom191068,Omar Olivares Matos,"@JoeBiden When will the death toll among people who received a Covid19 vaccine  be released? VAERS received 6,631 r‚Ä¶ https://t.co/GouFWtR2bh",0,0,United States
2021-08-14 23:00:17,ProgressIndex,The Progress-Index,Full approval of COVID-19 vaccines by the Food and Drug Administration could be closer than we think. https://t.co/nDzame1IvL,0,0,"Petersburg, Va."
2021-08-14 23:00:17,SavannahNow,Savannah Now,Full approval of COVID-19 vaccines by the Food and Drug Administration could be closer than we think. https://t.co/jivM6MDLhO,0,0,"Savannah, GA"
2021-08-14 23:00:16,independentmail,Independent Mail,Full approval of COVID-19 vaccines by the Food and Drug Administration could be closer than we think. https://t.co/dZKXC1sryW,0,0,"Anderson, SC"
2021-08-14 23:00:16,GreenvilleNews,The Greenville News,Full approval of COVID-19 vaccines by the Food and Drug Administration could be closer than we think. https://t.co/jfqW0sKAf3,0,0,"Greenville, S.C."
2021-08-14 23:00:16,KVUE,KVUE News,'I don't consent': Washington health care workers protest new vaccine mandate https://t.co/sb4PPAfM6U,0,0,"Austin, TX"
2021-08-14 23:00:16,Istambulian,Sarkis Istambulian,What fight? If I would be Biden I would have mandateed vaccines a long time ago public interest is above personal i‚Ä¶ https://t.co/7XAxnOaFD6,0,0,Mae Sariang
2021-08-14 23:00:16,egvvnd,eric,@ndtex @mmilford85 @okerland @IDtheMIKE What a nightmare thread. Sucks you guys have had to go through it. My kids‚Ä¶ https://t.co/jmjtweQ3P7,0,0,Chicago burbs
2021-08-14 23:00:16,JessSFrankel,Jesse Seth Frankel,@GovRonDeSantis @RonDeSantisFL Your state's having a HUGE rise in Covid cases. You threatened to withhold salaries‚Ä¶ https://t.co/8X3cpA2X19,0,0,Japan
2021-08-14 23:00:15,6Lockwood,Jeff Lockwood,'Vaccine passports' are here. Here's how to prove your Covid-19 vaccination status on your phone - CNN https://t.co/QPXLUht4Nb,0,0,"Phoenix, AZ"
2021-08-14 23:00:15,CitizenFreePres,Citizen Free Press,Is she afraid of the needle or the¬†Vaccine‚Ä¶ https://t.co/YhUqnVhplZ,0,0,Zero Ads On Citizen Free Press
2021-08-14 23:00:15,kackersp,Katie,"@JBondira @Jessicam6946 My mum has MS she went straight to get her vaccine when they hit Australia, she‚Äôs also part‚Ä¶ https://t.co/P8VtSorG8K",0,0,
2021-08-14 23:00:13,westaustralian,The West Australian,"It sounds simple: No jab, no work. But dig deeper and it is full of political, legal, practical and ethical complex‚Ä¶ https://t.co/pGEm7fXh0H",0,0,"Perth, Western Australia"
2021-08-14 23:00:13,lntandekar,LEKH NARAYAN TANDEKAR,Will Smith movie ‚ÄòI Am Legend‚Äô is being used to spread Covid-19 vaccine fear ‚Äì CNN¬†Video https://t.co/bM0G7XkaHN,0,0,"Chhuikhadan, India"
2021-08-14 23:00:12,bot_political,bot_political,engadget|These 'vaccine passports' are why we can have nice things | Engadget|https://t.co/jxxOq2bHbV,0,0,CyberSpace
2021-08-14 23:00:11,CaliVaxChoice,CaliVaxChoice,Biden Official Says New Study Is ‚ÄòWake Up Call‚Äô After Pfizer‚Äôs Efficacy Plummets to 42% as Delta Variant Takes Hold‚Ä¶ https://t.co/P4dziNl6pe,2,4,California 
2021-08-14 23:00:10,CRO68433431,CRO,"A never-ending Covid ride. If willfully putting loved one or child in danger, does not convince you to take vaccine‚Ä¶ https://t.co/dqFuLvOi85",0,0,"Lackland Air Force Base, TX"
2021-08-14 23:00:09,LarryBoorstein,Laurence (Larry) Boorstein,@PaulsBoutique24 @pjcadams @markmobility Vaccine hesitancy is largely on Biden.  Biden put Dr Fauci who isn't trust‚Ä¶ https://t.co/OrEOX3skAi,0,0,"Virginia, USA"
2021-08-14 23:00:09,TRAPINESE,ruthie ‚ù¶,@MeBitchigotTime Yes bc in the Philippines the vaccine is liquid gold to them it‚Äôs not as accessible as it is here. And they all want it,0,0,
2021-08-14 23:00:09,ThurstonHealth,ThurstonHealth,You can walk-in to any of our COVID-19 vaccination events this week or pre-register ahead of time. No appointments‚Ä¶ https://t.co/qOQ2gBBk1K,0,0,"Olympia, Washington, USA"
2021-08-14 23:00:09,mrsinnistR,TA,Sign the petition to stop vaccine passports in Canada. https://t.co/mVUAXK2pGE via @RebelNewsOnline,0,0,
2021-08-14 23:00:09,IS_HumanRights,International Society for Human Rights,"#Iran the health ministry said on Saturday 466 more Iranians died of COVID-19 and 29,700 more cases were discovered‚Ä¶ https://t.co/8JN2Y6hVtN",0,0,Get daily updates on HR issues
2021-08-14 23:00:08,thedailybeast,The Daily Beast,‚ÄúTo those folks that are making poor decisions: Don‚Äôt be the reason why schools close. Don‚Äôt be the reason students‚Ä¶ https://t.co/8rIjgbFxmb,0,4,"New York, NY"
2021-08-14 23:00:08,NY_SpecialK,Mr. Met,@JoeBiden Can we work on a stronger vaccine or treatment? The virus is effecting the vaccinated folks as well and some worse than others.,0,0,
2021-08-14 23:00:08,ABC7NY,Eyewitness News,CVS and Walgreens offering 3rd dose of COVID-19 vaccine for those with weakened immune systems‚Ä¶ https://t.co/Y86EXppvO1,2,0,New York City
2021-08-14 23:00:07,WilcoWes,Wilco,@plrpodcast @LoraxoftheLeft even more insidious that getting a vaccine passport is free and given at point of servi‚Ä¶ https://t.co/FFAXAXaq2r,0,0,DC
2021-08-14 23:00:06,WallStreetBean,Daniel Miller,‚ÄúAlabama remains open for business. Alabamians do not need government telling us what to do or how to do it. Unlike‚Ä¶ https://t.co/FX0RoKDUPY,0,0,Alabama
2021-08-14 23:00:06,Sahas07722149,Sahas,"@SaXQc88 @options7699 @UrreaSerch @elonmusk Want proof? Look at polio in india, with a population of 1.2 billion, i‚Ä¶ https://t.co/OCzzGwZ30a",0,0,
2021-08-14 23:00:05,simplyj_6,J,"@taradublinrocks @AmyAThatcher Arnold could beat his ass with a pinky finger. Sniffy Jr took the vaccine, didn't he?",0,1,
2021-08-14 23:00:05,Researchnewscc,Research News,Immunocompromised dialysis patients could benefit from third doses of mRNA COVID-19 vaccine‚Ä¶ https://t.co/1dq2QtgqWV,0,0,
2021-08-14 23:00:04,Sensatski,Hrvatski,@AFarKingLegend @ellymelly Time will tell.  If the vaccine centres are empty at 65% then open up at 65%.  My point‚Ä¶ https://t.co/Y3d3iTxg01,0,0,"Melbourne, Victoria"
2021-08-14 23:00:03,dollfacee89,Doll.,That vaccine had me down bad. I‚Äôve never slept so much in my life.,0,0,
2021-08-14 23:00:02,rogerio777,Roger Pereira,"Maybe, just maybe he could ask people to mask up and take the vaccine!",1,1,"Plantation, Florida "
2021-08-14 23:00:01,BruceGilbertMD,Bruce R Gilbert,Centering equity in vaccine delivery: How digital technologies can combat vaccine hesitancy and misinformation amon‚Ä¶ https://t.co/LcJYmCIfnn,0,0,USA
2021-08-14 23:00:01,talandzes,tonya david,"@sotacita @JoeBiden Over 11,000 have died without explanation why after taking #vaccine.  Do not say it‚Äôs safe when‚Ä¶ https://t.co/Ar7ce8np25",0,1,"Mustang, OK"
2021-08-14 23:00:01,Lyobserver,The Libya Observer,"#Malta supports #Libya with 40,000 doses of #Coronavirus vaccine https://t.co/LNAuITLiqi",1,1,Tripoli
2021-08-14 23:00:01,TribLIVE,TribLIVE.com,"As new coronavirus infections soar, President Biden is testing a tougher approach.

https://t.co/xa5ZH4oMpv",0,0,"Pittsburgh, Pa."
2021-08-14 23:00:01,azfamily,azfamily 3TV CBS 5,"COVID-19 vaccine boosters are now authorized for some. Here's what you need to know:
https://t.co/URGm4kCZJs https://t.co/I2ou2wo6j6",1,0,"Phoenix, Arizona"
2021-08-14 23:00:01,Bhekisisa_MG,Bhekisisa,"Severe #COVID19SA #vaccine side-effects are vanishingly rare. But if you experience it, this fund will compensate y‚Ä¶ https://t.co/uPTlVZ5VFX",0,0,Johannesburg
2021-08-14 23:00:01,Steve75012854,smitty75,@PattyHajdu Tyrant government. Bring on the lawsuits. Provide proof of covid .you can't. End this .hydroxychloroqui‚Ä¶ https://t.co/wizgDklNjh,0,0,Canada
2021-08-14 23:00:00,puertoirish,(Puertoirish),"@japastu I have nothing but love for everyone,  but I will not get the vaccine, but I will continue to take precaut‚Ä¶ https://t.co/hJfYayyvJs",0,0,Clifton NJ
2021-08-14 23:00:00,statnews,STAT,The FDA approves third booster shot for people who have certain immunocompromising conditions. https://t.co/buA4bxch0t,1,3,
2021-08-14 23:00:00,PiqueNews,Pique Newsmagazine,"Do you think eateries, hotels and other businesses should ask for proof of vaccination before helping guests?  https://t.co/6ih2EfsUAU",0,0,"Whistler, BC"
2021-08-14 23:00:00,CityofSurrey,City of Surrey,Vaccines work! Getting fully vaccinated helps to protect yourself and your community. Find a clinic today:‚Ä¶ https://t.co/oHOvtDRhpS,0,0,"Surrey, BC"
2021-08-14 23:00:00,JA16378273,AJ,@cappsie @ziclis @RWMaloneMD There is more risk for vaccine to loose effectiveness if mutation happens in the spike‚Ä¶ https://t.co/rVQwPYp8y6,0,0,
2021-08-14 23:00:00,wchs8fox11,Eyewitness News,"ICYMI: The Pentagon will require members of the U.S. military to get the COVID-19 vaccine by Sept. 15.
https://t.co/j8Eae9hES9",0,0,"Charleston, WV"
2021-08-14 22:59:59,zzrwood,Robert Wood,"@todisappear @activegranny @MrKRudd So, your reference to ‚ÄúALP stans‚Äù, whatever that means, and pointing to that UK‚Ä¶ https://t.co/FCraRcqgqX",0,0,Brisbane
2021-08-14 22:59:59,Byce_1776,Bryce,@GeorgeTakei That is evil. What happened to my body my choice? I‚Äôm all for the vaccine. However 100% against the go‚Ä¶ https://t.co/tkz7c7hhil,0,0,
2021-08-14 22:59:58,LogannnnnnnnnWm,WmLogannnnnnnnn,"W.H.O. CONCEDES THE COVID VIRUS IS JUST LIKE THE COMMON FLU - 500,000 AMERICANS DEAD FROM VACCINE‚Ä¶ https://t.co/DfKPdcyKZx",1,1,
2021-08-14 22:59:58,alliemarie777,allietoosophisticatedmarieeee. üòºü¶ãü§©ü§∑üèª‚Äç‚ôÄÔ∏è,ALSO - that‚Äôs not how vaccines work. You get the vaccine to protect you and once you have been vaccinated the theor‚Ä¶ https://t.co/YMPF8fFIvK,0,0,United States
2021-08-14 22:59:58,Pachyderm1984,Alison,@SedonaJd @YasMohammedxx There is no vaccine for COVID-19 either (it‚Äôs not working).,0,0,
2021-08-14 22:59:56,RedTezla1,?,@NethercotTitch Fake vaccine üíâ card shuts them up,0,0,Nebadon Sector of MilkyWay 
2021-08-14 22:59:55,UFC2025,UFC2025,@ixodioxi @BigJones5577 @zjb5802 @RY_LI1 @BrooklynNets @barclayscenter This is every single liberal. Screamed they‚Ä¶ https://t.co/cAOHsfLTdm,0,0,
2021-08-14 22:59:55,CizekAmanda,AC,"@GovRonDeSantis Imago if there was a vaccine‚Ä¶ oh, wait‚Ä¶",0,0,
2021-08-14 22:59:54,MickEZinc,Mickey Zinc,"I thought coaches were brave leaders?
https://t.co/GchviWCJml",1,1,
2021-08-14 22:59:54,infidel202,INFIDEL202,"@TheRealOJ32 Body count.....
O.J. - 2
Me not getting Covid vaccine- zero",0,0,
2021-08-14 22:59:54,bredebunch4,SusieQ,"@AaronBosterMD @TheMSWire @Brandon_Beaber My question, How many months after an anti CD20 infusion (like Ocrevus or‚Ä¶ https://t.co/PzgKkdlRxG",0,0,
2021-08-14 22:59:53,mm55mh1,mm55mh,@haleakela19 @MichaelRajner @pfizer But the vaccine will lower his immune system for everything other than covid.‚Ä¶ https://t.co/i198yqQcji,0,0,
2021-08-14 22:59:51,bunde51,Russell Bunde,@GrendelTom Like the polio vaccine? Probably so.,0,0,"Punta Gorda, FL"
2021-08-14 22:59:51,lunsford77,Cheryl Lunsford,@JoeBiden I don‚Äôt know . . . Something strange about all the pushing of the vaccine. Who do we trust?  Obviously the science has failed us.,0,0,"Iowa, USA"
2021-08-14 22:59:50,adam28143,Adam,@Murdersmith @TheLaurenChen People aren‚Äôt that smart. The anti-vaccine movement started in reaction to smallpox vac‚Ä¶ https://t.co/Mo6JgSlDUw,0,0,
2021-08-14 22:59:50,ninib58,Nancy,"Amazing that they're still pushing this bs despite admittingthat the ""test"" is a fraud, and there's no ""virus"" stil‚Ä¶ https://t.co/Fhnqmo8bk5",0,0,northeast Michigan 
2021-08-14 22:59:49,delasoulless,de la soulless,@stitchmarks No but I can‚Äôt even seroconvert with a vaccine. It wouldn‚Äôt have done my parents any good.,0,0,
2021-08-14 22:59:49,emilychibwana,Emily Chibwana,"@HDbrown84 @_p_rittenhouse Not having a vaccine makes you very vulnerable. No vaccine gives 100% immunity, is what I‚Äôm saying.",0,1,Australia
2021-08-14 22:59:48,doubleHHedgeDD,doubleHHedgeDD,"@friedberg How the #VaccinATED¬†can cause #DELTA #LambdaVariant 
Y?! üëáüèΩ
If a #vaccine üíâ still causes transmission, &amp;‚Ä¶ https://t.co/iVzpyrQ3m3",0,0,
2021-08-14 22:59:47,MyBlog385,Sohan MukhutyüáÆüá≥,Duare vaccine set for rollout next wk | Kolkata News - Times of India https://t.co/6wGE7X4omY,0,0,India
2021-08-14 22:59:47,Shredder_31,Shredder31,"@Team_Keefe please, take 30 minutes of your time and look into the research done on how the vaccine prevents spread‚Ä¶ https://t.co/KxvVNhyQwc",0,0,
2021-08-14 22:59:46,Liberty21387536,Liberty For All,"@Milhouse_Van_Ho That‚Äôs what you call foreshadowing the future of lockdowns and restrictions in Canada. 
Vaccine do‚Ä¶ https://t.co/t4BKvfEhHw",0,0,
2021-08-14 22:59:45,KatyWellhousen,katy in leo szn,"people from my hometown: y‚Äôall ain‚Äôt putting that vaccine in my body!!!!

me, with every COVID booster shot i can g‚Ä¶ https://t.co/KMfrnCvh3E",0,3,"nola native, LA living"
2021-08-14 22:59:44,TheSydneyWolf,Wolf,@The1770Impact @GladysB The amount of time she refers to #AstraZeneca and #Pfizer collectively as ‚Äúthe vaccine‚Äù als‚Ä¶ https://t.co/Guz5yis4OP,0,0,Sydney
2021-08-14 22:59:44,TorranceBernie,Trent,"@DTucker88 @GongSteve Quick Google search and here . 
I expect you should believe him when he says covid cases are‚Ä¶ https://t.co/xphGKLqOpZ",0,0,torrance 
2021-08-14 22:59:44,randombutton,Amelia,"@Essentialworker @BeauTFC Not if they didn't believe in covid, get the vaccine,  and/or take adequate precautions.‚Ä¶ https://t.co/rAoonTQoV9",0,1,"Wisconsin, USA"
2021-08-14 22:59:43,yum_chipotle,M,@Forberg69 @JoeBiden I got the vaccine. I have the blood of christ flowing through me. I don‚Äôt need a mask or a shot.,0,0,
2021-08-14 22:59:43,SullaFelix8,Sulla Felix,"This is a key piece of upside as B1.617.2 lacks the heightened vaccine bypass we saw in, for example, P.1, and may‚Ä¶ https://t.co/uptwvhhQTd",0,0,
2021-08-14 22:59:42,thehobbitjosh,Josh... but I'm in my flop era,My fall plans                      The Vaccine https://t.co/RmxgUlmWeS,1,1,With Loki ofc
2021-08-14 22:59:41,james053010,James053010,Question for Twitter.... how is it ok for your customers to tell others to take the vaccine and it‚Äôs not ok to say‚Ä¶ https://t.co/hkGTAUVhYu,0,0,
2021-08-14 22:59:40,TheGuardCat,"Goomba, B.Sc.","@1mediacompany @AlanBur69819353 @CP24 Show us who said the vaccines are not effective against variants. In fact, th‚Ä¶ https://t.co/Vf9DCGeKub",0,0,
2021-08-14 22:59:39,Lucile_Kris,Adiaha Daddyüß°,@HenryofCanada There‚Äôs a vaccine,0,0,"Saint John, New Brunswick"
2021-08-14 22:59:38,mpj214,Matt Johnson,"@SenTedCruz There aren't gas lines now. 

The vaccine rollout helped reopen the economy and people refusing to vacc‚Ä¶ https://t.co/Gijy3zu8zu",0,8,"Dallas, TX"
2021-08-14 22:59:38,erinvprice,Erin Price,"@rick_herron Well, and these under 18 cases are likely to either be ineligible or at least need parental support (l‚Ä¶ https://t.co/ej9swpvSt2",0,0,United States
2021-08-14 22:59:37,1u1humanity,#1u1Humanity,"@nytimes Lot's of data coming in worldwide...   #Pfizer  Hospital director: ""Over 90% of our patients are vaccinate‚Ä¶ https://t.co/r7hUBZYDfK",0,0,Earth
2021-08-14 22:59:36,oqwin1,Daniel,@kathrynresister I don‚Äôt care but what exactly has he done a great job at? He took over a pandemic with a vaccine a‚Ä¶ https://t.co/Bc6p5WWjCd,0,0,
2021-08-14 22:59:36,ErolOzMusic,Erol Oz Music,"Despite being fully vaccinated, I just tested positive for what I can only assume is the Delta variant of COVID-19.‚Ä¶ https://t.co/NQtsCkcUNT",0,1,
2021-08-14 22:59:36,qedigiv,DDay - Fully VAXXED!,@blueheartedly I think we should just mandate the vaccine.,0,2,"Finger Lakes, N.Y."
2021-08-14 22:59:35,billgray52,Bill Gray,Threatening people with job loss or denying access to goods services for not taking an experimental mRNA vaccine is‚Ä¶ https://t.co/SpfeLgNt6Q,0,0,
2021-08-14 22:59:35,HeartEarth6,Heart Earth,@Jmillio1000 @wbkotv Breakthrough literally means people who've received a vaccine and still get Covid. üôÑ,0,0,
2021-08-14 22:59:35,BrianHu39388462,Brian Hudson,@AmericanRebel07 You did a lot more dangerous shit that a vaccine at the last party you attended or those Tatts  üôÑp‚Ä¶ https://t.co/YuDfYcfBpP,0,0,Mid West
2021-08-14 22:59:34,robertcameron,Robert Cameron üíâüíâüéâ,"@JenniferSey The mRNA vaccines are not analogous to the chicken vaccine, which doesn't stop transmission at all.",0,0,"California, USA"
2021-08-14 22:59:33,KMThomas14,Kyle Thomas,"Or, and hear me out, they trust their body to fight it off better than a vaccine can. This virus has been here a lo‚Ä¶ https://t.co/dN6fUI9A84",0,0,"Omaha, NE"
2021-08-14 22:59:33,Nucleics_Inc,Daniel Tillett,@5toeGimp @SciasWolf @nervousasahare @kdhenry5 @clairlemon @michaelshermer The elderly are amongst those least like‚Ä¶ https://t.co/0UZAzA527J,0,0,Australia
2021-08-14 22:59:33,Resist_Gr8_Rset,Resist The Great Reset,@jdouglaslittle @chevd80 @StanWhittaker5 Vaccine passports are an introductory route to a Chinese social credit system.,0,0,
2021-08-14 22:59:32,Tony_MacIntyre,Tony MacIntyre,"Some participants say vaccine passports infringe upon fundamental freedoms.

https://t.co/nlM97N1C2T",0,0,"Halifax, NS Canada"
2021-08-14 22:59:32,TbdAngels,TBD Angels,"Vaccines, Booster shots, Delta, oh my! Helpful COVID FAQ from the team at @foliahealth https://t.co/Qkf6pBPrxE",0,0,United States
2021-08-14 22:59:31,Debbiered1978,Debbie,@lisareynaloe @GovAbbott @BetoORourke I hope she has had vaccine‚Ä¶.,0,0,"Virginia, USA"
2021-08-14 22:59:31,castrogacio,Antonio Castro Gacio #RestoreTheSnyderVerse,"@weegieguy @JJHTweets Indeed, I also hate people choosing which meaningless song I‚Äôm going to have to listen to. We‚Ä¶ https://t.co/iiVCB1qzaT",0,0,North London
2021-08-14 22:59:30,NoNewAbnormal,NoNewAbnormal,@davidjthunder it's not difficult to understand when you realize they're all following the same playbook and were a‚Ä¶ https://t.co/c3ZonHpXlG,0,0,Canada
2021-08-14 22:59:30,Garison_Carrell,üè≥Ô∏è‚Äçüåàüá∫üá∏,How many people are going to lose their vaccine cards and be refused at certain places regardless?,0,1,"Oklahoma, USA"
2021-08-14 22:59:29,AkanjiSZN,Ciaran üáÆüá™üáµüá∏,"@JoeBiden I'm not taking your vaccine sleepy Joe, covid is just propaganda to inject trackers in us. #GodBlessAmerica",0,0,in your head ü§°
2021-08-14 22:59:28,SassyFrassanach,SassyFrassanach,"Not out of vaccine, but we are out of hospital beds and about to be out of nurses, for any hospital related reason.‚Ä¶ https://t.co/rsuDnNJLj3",0,0,
2021-08-14 22:59:27,HealthyyScratch,healthy scratch,@Rread31879232 @_USAPatriot_ @Leamander1 @WalshFreedom Enjoy getting boosters every 6 months because they rushed a‚Ä¶ https://t.co/x9VluP4Wb0,0,0,
2021-08-14 22:59:27,rogerit678,R Smith : Shadowy Super Coder,@atensnut They are not concerned about saving lives with the vaccine.  Weird.,0,0,Oregon
2021-08-14 22:59:26,chriogirl2580,Nunyah,@oIdhockeyplayer @RobertKennedyJr The trials have to be done for a certain amount of time. Drugs go through 12 year‚Ä¶ https://t.co/g9I2zy1UY2,0,0,"Marlboro, NJ"
2021-08-14 22:59:26,jhopesrealgf,cyd‚Å∑,"@JM_Sparkle good luck with the vaccine !! thank u sm for the giveaway too omg, sleep well &lt;33",0,0,CBYF
2021-08-14 22:59:24,kellymoses1,Not a rule follower in a totalitarian state üíâ üçÄ,@maladamus @JillianNY @andrewkimmel https://t.co/MvG4vtgvmk You are all so dumb.,0,0,"venice, ca"
2021-08-14 22:59:24,maz314Wa,mary,@stevetrian @AndreaEBouchaud She probably could not have the vaccine. Their reporting is disingenuous! Fear porn,0,0,"Perth, Western Australia"
2021-08-14 22:59:23,Karl781314,Kaptain Karl,@WaterGunner42 @koconews But the US passed trillions in covid relief‚Ä¶yet couldn‚Äôt offer accessible healthcare cover‚Ä¶ https://t.co/QhYxFgBxkD,0,0,"Oklahoma, USA"
2021-08-14 22:59:22,CSheltonAgar,Charlie SA,@LaurieHoresh I‚Äôve been watching to much news and assumed AZ was referring to the vaccine.,0,0,"Sydney, Australia"
2021-08-14 22:59:21,vegangbanger,vegangster,"@hughjassdevice @voluntary_nay @PlumRemson Tiring, indeed.
""The government is injecting my children with an experim‚Ä¶ https://t.co/KLkWuJvntF",0,0,
2021-08-14 22:59:21,i_spitonurgrave,Gloria Trillo,"@nothingformone2 Some of us don't need 12 peer reviewed studies to confirm something for us. 
Go ahead and take you‚Ä¶ https://t.co/lexngGFJ1U",0,0,Isle of Man
2021-08-14 22:59:20,GlazeOne,J. Gee,"@johndavidfraley But, should their insurance pay the tab in the end? I agree that allowing them to die is inhumane,‚Ä¶ https://t.co/QDOMzI2Ixw",0,0,206 - VH - now in 313
2021-08-14 22:59:20,NeelaJan,Dr Neela Janakiramanan,"@bazscott @DrPieterPeach @ben_hr There will be enough vaccine in the country for everyone, including kids, by the e‚Ä¶ https://t.co/IgBG7oNFSI",0,0,"Naarm (Melbourne), Australia "
2021-08-14 22:59:19,_Buttabby,The GREAT Buttabby,"üòÇ my mama called me to say ‚Äúyou‚Äôre getting the vaccine, end of story‚Äù then hung up on me lmaooo",0,0,"Nunya, Peru"
2021-08-14 22:59:18,Magister_Ludi_8,Magister_Ludi_‚ö™Ô∏è,"@lovin_william @pacman5437 @CNN I believe you, equally I think a mainly prayer based mitigation strategy during a p‚Ä¶ https://t.co/oCKY583rqL",0,0,
2021-08-14 22:59:18,JlMlNSMlLE,miliani‚Å∑,"@JM_Sparkle good night,, sleep well &amp; goodluck on your vaccine tomorrowüíú",0,1,ÏÇ¨ÎûëÌï¥ # THEY!THEM . MINOR ‡πë üá≥üá±
2021-08-14 22:59:17,AnnaHaz28,Anastasia Hazlett,@seagod22 @B52Malmet The vaccine wouldn't have stopped the spread. People who are vaccinated still spread the virus‚Ä¶ https://t.co/UAl6TjCVjd,0,0,"Ohio, USA"
2021-08-14 22:59:16,earthy_kween,üåøüåà ‚ìã ari ‚ìã üåàüåø,"Like babes your child can still have autism, vaccine or not, and even then that‚Äôs okay.",0,0,"Boston, MA"
2021-08-14 22:59:15,sarahneighbor3,Sarah üò∑ *Wear a mask*,"@angry_gammy @BritishChickUSA @Jessicam6946 I'm so sorry. I can relate. My 82 year-old dad is refusing the vaccine,‚Ä¶ https://t.co/VS8nEhBTuN",0,0,"Washington, USA"
2021-08-14 22:59:13,Josh_Thompson23,Joshyyyyy,Second vaccine has royally done me in ü§í,0,0,Royston
2021-08-14 22:59:12,jimbearNJ,BearNJ,@RawStory Tell that to those political prisoners Biden is holding in a specially opened DC jail for entering Capito‚Ä¶ https://t.co/rDoyBOXGz1,0,1,
2021-08-14 22:59:10,salgoodwin,Sal,@mancunianmedic am I foolish to hope for a vaccine that stops transmission or an early treatment to stop progression üôÑ,0,0,United Kingdom
2021-08-14 22:59:10,ShelleenBarnett,Shelleen Barnett,"@Jessicam6946 Omgosh,  I'm so https://t.co/TJdlCl0WWK and your colleagues have to endure this emotional trauma due‚Ä¶ https://t.co/Tm1JI9P0F6",0,0,
2021-08-14 22:59:10,Mostly_hated,Harlems' mother‚ôãÔ∏è,So if ur employer requires u to get vaccinated or u will be fired can ur family sue ur employer if the vaccine caus‚Ä¶ https://t.co/0rnUAfJsau,0,0,A town near u
2021-08-14 22:59:09,SkinMD13,SkinMD13,"@KDbyProxy Efficacy is waning. I‚Äôm 100% pro vaccine, and will be ready for booster. Just reality.",0,0,USA 
2021-08-14 22:59:09,FindAVac_CTX,FindAVac - Killeen/Temple/Waco Vaccine Tracker,"New available appointments detected!
Provider: CVS Pharmacy
City: Waco

Registration link: https://t.co/mQ86jpDznk

[14-08-2021 17:59:09]",0,0,TX
2021-08-14 22:59:09,FindAVac_CTX,FindAVac - Killeen/Temple/Waco Vaccine Tracker,"New available appointments detected!
Provider: CVS Pharmacy
City: Temple

Registration link: https://t.co/mQ86jpDznk

[14-08-2021 17:59:09]",0,0,TX
2021-08-14 22:59:09,FindAVac_CTX,FindAVac - Killeen/Temple/Waco Vaccine Tracker,"New available appointments detected!
Provider: CVS Pharmacy
City: Taylor

Registration link: https://t.co/mQ86jpDznk

[14-08-2021 17:59:08]",0,0,TX
2021-08-14 22:59:08,FindAVac_CTX,FindAVac - Killeen/Temple/Waco Vaccine Tracker,"New available appointments detected!
Provider: CVS Pharmacy
City: Killeen

Registration link: https://t.co/mQ86jpDznk

[14-08-2021 17:59:08]",0,0,TX
2021-08-14 22:59:08,Joamirez1,Jo≈õ√´ A. Ram√≠rez,@EffinLeftMama @stellaluna02 @laurenboebert Oooooh silly goose ppl like me ain't blind duck .. I bet u don't realiz‚Ä¶ https://t.co/a1UR5HPy31,0,0,
2021-08-14 22:59:08,FindAVac_CTX,FindAVac - Killeen/Temple/Waco Vaccine Tracker,"New available appointments detected!
Provider: CVS Pharmacy
City: Harker Heights

Registration link:‚Ä¶ https://t.co/OXiZdEAvUP",0,0,TX
2021-08-14 22:59:08,FindAVac_CTX,FindAVac - Killeen/Temple/Waco Vaccine Tracker,"New available appointments detected!
Provider: CVS Pharmacy
City: Belton

Registration link: https://t.co/mQ86jpDznk

[14-08-2021 17:59:08]",0,0,TX
2021-08-14 22:59:08,dkovatich,Danny Kovatich,@softlan5 @truthissavage @dlcmcrcc @MelissaLKnutson @ASlavitt Vaccinated = Shouldn‚Äôt give a damn who else is or isn‚Ä¶ https://t.co/y4GluWNJEb,0,0,"Pennsylvania, USA"
2021-08-14 22:59:08,FindAVac_CTX,FindAVac - Killeen/Temple/Waco Vaccine Tracker,"New available appointments detected!
Provider: H-E-B
Location:
Valley Mills H-E-B Plus!
1821 South Valley Mills Dr.‚Ä¶ https://t.co/BLyqTpyKoQ",0,0,TX
2021-08-14 22:59:08,FindAVac_CTX,FindAVac - Killeen/Temple/Waco Vaccine Tracker,"New available appointments detected!
Provider: H-E-B
Location:
Taylor H-E-B
100 N.w.carlos G.parker Bl#101 Taylor,‚Ä¶ https://t.co/RFnaYpqybC",0,0,TX
2021-08-14 22:59:08,nubohemian25,K.R.,@Daksthetruth @Baligubadle1 ...they'll get the vaccine but pretend they haven't....,0,1,
2021-08-14 22:59:08,FindAVac_CTX,FindAVac - Killeen/Temple/Waco Vaccine Tracker,"New available appointments detected!
Provider: H-E-B
Location:
Wooded Acres H-E-B
1301 Wooded Acres Waco, Tx 76710-‚Ä¶ https://t.co/mjawLuaCSn",0,0,TX
2021-08-14 22:59:07,FindAVac_CTX,FindAVac - Killeen/Temple/Waco Vaccine Tracker,"New available appointments detected!
Provider: H-E-B
Location:
Harker Heights H-E-B
601 Indian Trail Harker Heights‚Ä¶ https://t.co/5jQYKoqrdS",0,0,TX
2021-08-14 22:59:07,FindAVac_Austin,Find A Vac - Austin Covid 19 Vaccine Tracker,"New available appointments detected!
Provider: CVS Pharmacy
City: San Marcos

Registration link:‚Ä¶ https://t.co/GZ5Ba3FORg",0,0,TX
2021-08-14 22:59:07,FindAVac_Austin,Find A Vac - Austin Covid 19 Vaccine Tracker,"New available appointments detected!
Provider: CVS Pharmacy
City: Round Rock

Registration link:‚Ä¶ https://t.co/IXMjrxmOPB",0,0,TX
2021-08-14 22:59:07,FindAVac_Austin,Find A Vac - Austin Covid 19 Vaccine Tracker,"New available appointments detected!
Provider: CVS Pharmacy
City: Pflugerville

Registration link:‚Ä¶ https://t.co/EHgQB4Ki4m",0,0,TX
2021-08-14 22:59:07,FindAVac_Austin,Find A Vac - Austin Covid 19 Vaccine Tracker,"New available appointments detected!
Provider: CVS Pharmacy
City: Leander

Registration link: https://t.co/IHDBzulu3V

[14-08-2021 17:59:07]",0,0,TX
2021-08-14 22:59:07,FindAVac_Austin,Find A Vac - Austin Covid 19 Vaccine Tracker,"New available appointments detected!
Provider: CVS Pharmacy
City: Lakeway

Registration link: https://t.co/IHDBzulu3V

[14-08-2021 17:59:07]",0,0,TX
2021-08-14 22:59:07,FindAVac_Austin,Find A Vac - Austin Covid 19 Vaccine Tracker,"New available appointments detected!
Provider: CVS Pharmacy
City: Kyle

Registration link: https://t.co/IHDBzulu3V

[14-08-2021 17:59:07]",0,0,TX
2021-08-14 22:59:06,FindAVac_Austin,Find A Vac - Austin Covid 19 Vaccine Tracker,"New available appointments detected!
Provider: CVS Pharmacy
City: Cedar Park

Registration link:‚Ä¶ https://t.co/fCwUwdrpfv",0,0,TX
2021-08-14 22:59:06,FindAVac_Austin,Find A Vac - Austin Covid 19 Vaccine Tracker,"New available appointments detected!
Provider: CVS Pharmacy
City: Buda

Registration link: https://t.co/IHDBzulu3V

[14-08-2021 17:59:06]",0,0,TX
2021-08-14 22:59:06,FindAVac_Austin,Find A Vac - Austin Covid 19 Vaccine Tracker,"New available appointments detected!
Provider: CVS Pharmacy
City: Bee Cave

Registration link:‚Ä¶ https://t.co/cipcPv9qe4",0,0,TX
2021-08-14 22:59:06,FindAVac_Austin,Find A Vac - Austin Covid 19 Vaccine Tracker,"New available appointments detected!
Provider: CVS Pharmacy
City: Austin

Registration link: https://t.co/IHDBzulu3V

[14-08-2021 17:59:06]",0,0,TX
2021-08-14 22:59:06,FindAVac_Austin,Find A Vac - Austin Covid 19 Vaccine Tracker,"New available appointments detected!
Provider: H-E-B
Location:
West Hopkins H-E-B
200 West Hopkins St. San Marcos,‚Ä¶ https://t.co/XkwOZAk5qP",0,0,TX
2021-08-14 22:59:06,FindAVac_Austin,Find A Vac - Austin Covid 19 Vaccine Tracker,"New available appointments detected!
Provider: H-E-B
Location:
Brodie Lane H-E-B
6900 Brodie Lane Austin, Tx 78745-‚Ä¶ https://t.co/58CyJR4AyE",0,0,TX
2021-08-14 22:59:06,FindAVac_Austin,Find A Vac - Austin Covid 19 Vaccine Tracker,"New available appointments detected!
Provider: H-E-B
Location:
Burnet Rd H-E-B
5808 Burnet Rd Austin, Tx 78756-1100‚Ä¶ https://t.co/rXi0txOZ11",0,0,TX
2021-08-14 22:59:06,photog2020,LandscaperPhotog,@RED_IN_PA_2 ‚ÄúIn an effort to keep my patients and staff healthy‚Äù‚Ä¶if the vaccine works then why would her patients‚Ä¶ https://t.co/t3p1fI06st,0,0,"Washington, USA"
2021-08-14 22:59:05,FindAVac_Hou,Find A Vac - Houston Covid 19 Vaccine Tracker,"New available appointments detected!
Provider: CVS Pharmacy
City: The Woodlands

Registration link:‚Ä¶ https://t.co/u2yZE8nFKJ",0,0,TX
2021-08-14 22:59:05,JohnRaemi,John Hewitt.,@crypticFruition @_____Wimpy @CrescentPatriot @kimbers671 Which vaccine claimed to prevent infection? show me a credible source.,0,0,
2021-08-14 22:59:05,FindAVac_Hou,Find A Vac - Houston Covid 19 Vaccine Tracker,"New available appointments detected!
Provider: CVS Pharmacy
City: Texas City

Registration link:‚Ä¶ https://t.co/caEp18rGse",0,0,TX
2021-08-14 22:59:05,FindAVac_Hou,Find A Vac - Houston Covid 19 Vaccine Tracker,"New available appointments detected!
Provider: CVS Pharmacy
City: Sugar Land

Registration link:‚Ä¶ https://t.co/STz1KbQO20",0,0,TX
2021-08-14 22:59:05,Alisha_C03,Alisha,How to respond to being asked about your covid vaccine card ü§£ #hilarious #imdoingit @adamhousley @dbongino‚Ä¶ https://t.co/slX8XaH2Yj,0,1,"California, USA"
2021-08-14 22:59:05,FindAVac_Hou,Find A Vac - Houston Covid 19 Vaccine Tracker,"New available appointments detected!
Provider: CVS Pharmacy
City: Spring

Registration link: https://t.co/8a5LHT0WBf

[14-08-2021 17:59:05]",0,0,TX
2021-08-14 22:59:05,FindAVac_Hou,Find A Vac - Houston Covid 19 Vaccine Tracker,"New available appointments detected!
Provider: CVS Pharmacy
City: Rosenberg

Registration link:‚Ä¶ https://t.co/6Ga35Ndgms",0,0,TX
2021-08-14 22:59:05,FindAVac_Hou,Find A Vac - Houston Covid 19 Vaccine Tracker,"New available appointments detected!
Provider: CVS Pharmacy
City: Richmond

Registration link:‚Ä¶ https://t.co/stxuFP0bQl",0,0,TX
2021-08-14 22:59:05,FindAVac_Hou,Find A Vac - Houston Covid 19 Vaccine Tracker,"New available appointments detected!
Provider: CVS Pharmacy
City: Pearland

Registration link:‚Ä¶ https://t.co/MMjONhqQGY",0,0,TX
2021-08-14 22:59:04,FindAVac_Hou,Find A Vac - Houston Covid 19 Vaccine Tracker,"New available appointments detected!
Provider: CVS Pharmacy
City: Pasadena

Registration link:‚Ä¶ https://t.co/1pqP2GUbvr",0,0,TX
2021-08-14 22:59:04,HappyFl85034698,Happy_Flower,@uncledoomer What evidence do you have that libs aren't taking the vaccine?  Seriously.,0,0,
2021-08-14 22:59:04,FindAVac_Hou,Find A Vac - Houston Covid 19 Vaccine Tracker,"New available appointments detected!
Provider: CVS Pharmacy
City: Missouri City

Registration link:‚Ä¶ https://t.co/5FqEpAqsdJ",0,0,TX
2021-08-14 22:59:04,FindAVac_Hou,Find A Vac - Houston Covid 19 Vaccine Tracker,"New available appointments detected!
Provider: CVS Pharmacy
City: League City

Registration link:‚Ä¶ https://t.co/fAXEHznJ60",0,0,TX
2021-08-14 22:59:04,FindAVac_Hou,Find A Vac - Houston Covid 19 Vaccine Tracker,"New available appointments detected!
Provider: CVS Pharmacy
City: Lake Jackson

Registration link:‚Ä¶ https://t.co/iC0UImCJSU",0,0,TX
2021-08-14 22:59:04,FindAVac_Hou,Find A Vac - Houston Covid 19 Vaccine Tracker,"New available appointments detected!
Provider: CVS Pharmacy
City: La Porte

Registration link:‚Ä¶ https://t.co/BMCGjbK8lw",0,0,TX
2021-08-14 22:59:04,WolfishHead,Wolfish ‚ò®,"BTW I stumbled across this while researching religious exemptions for medical procedures / ""vaccines.""

One cannot‚Ä¶ https://t.co/k6eHLCN2Ti",0,0,https://wolfish.neocities.org/
2021-08-14 22:59:04,nonbinaryixing,Official Communist Party of Exoplanet,Apparently the girl wanted to get the vaccine but has a very severe phobia of needles which is why she was crying.‚Ä¶ https://t.co/TmJGyEtIEF,0,0,he/him trans bisexual
2021-08-14 22:59:04,FindAVac_Hou,Find A Vac - Houston Covid 19 Vaccine Tracker,"New available appointments detected!
Provider: CVS Pharmacy
City: Kingwood

Registration link:‚Ä¶ https://t.co/2LWqC67eYj",0,0,TX
2021-08-14 22:59:04,FindAVac_Hou,Find A Vac - Houston Covid 19 Vaccine Tracker,"New available appointments detected!
Provider: CVS Pharmacy
City: Katy

Registration link: https://t.co/8a5LHT0WBf

[14-08-2021 17:59:04]",0,0,TX
2021-08-14 22:59:04,FindAVac_Hou,Find A Vac - Houston Covid 19 Vaccine Tracker,"New available appointments detected!
Provider: CVS Pharmacy
City: Humble

Registration link: https://t.co/8a5LHT0WBf

[14-08-2021 17:59:03]",0,0,TX
2021-08-14 22:59:03,FindAVac_Hou,Find A Vac - Houston Covid 19 Vaccine Tracker,"New available appointments detected!
Provider: CVS Pharmacy
City: Houston

Registration link: https://t.co/8a5LHT0WBf

[14-08-2021 17:59:03]",0,0,TX
2021-08-14 22:59:03,DavidDeMera7,David DeMera,Do you know the difference between a gold star &amp; vaccine passports?  82 years. #dkpol,0,0,
2021-08-14 22:59:03,FindAVac_Hou,Find A Vac - Houston Covid 19 Vaccine Tracker,"New available appointments detected!
Provider: CVS Pharmacy
City: Galveston

Registration link:‚Ä¶ https://t.co/b6z5sqBYjA",0,0,TX
2021-08-14 22:59:03,FindAVac_Hou,Find A Vac - Houston Covid 19 Vaccine Tracker,"New available appointments detected!
Provider: CVS Pharmacy
City: Friendswood

Registration link:‚Ä¶ https://t.co/IHCGPa66CJ",0,0,TX
2021-08-14 22:59:03,FindAVac_Hou,Find A Vac - Houston Covid 19 Vaccine Tracker,"New available appointments detected!
Provider: CVS Pharmacy
City: Deer Park

Registration link:‚Ä¶ https://t.co/wq6HeJapZF",0,0,TX
2021-08-14 22:59:03,FindAVac_Hou,Find A Vac - Houston Covid 19 Vaccine Tracker,"New available appointments detected!
Provider: CVS Pharmacy
City: Cypress

Registration link: https://t.co/8a5LHT0WBf

[14-08-2021 17:59:03]",0,0,TX
2021-08-14 22:59:03,Susan87944900,Susan,"@PrincipledProg1 @RepThomasMassie if people would just get the vaccine, the virus won't have anywhere to go but the‚Ä¶ https://t.co/7jaLlcmhEV",0,0,
2021-08-14 22:59:02,nunez_anna,Anna N√∫√±ez #MaskUpTexas,"Only 28% of Young Black New Yorkers Are Vaccinated

#Coronavirus vax gap emerging as latest stark racial disparity‚Ä¶ https://t.co/GoImqC9hEY",0,0,"Texas, USA"
2021-08-14 22:59:01,ReynoldsLaurel,Laurel Allison,"It‚Äôs not hate, it‚Äôs just so wrong to put medical staff at risk because you couldn‚Äôt be bothered to get the vaccine.‚Ä¶ https://t.co/zzf7wctUFT",0,0,"Cobourg, Ontario"
2021-08-14 22:59:01,1_hostile_texan,Rob ‚ùÅ,"@RWayne_68 @abc13houston I'll get the vaccine in about 5 to 7 years from now.
I want to see the long term affects.‚Ä¶ https://t.co/sa4EVg5beh",0,0,"Cut N Shoot, TX"
2021-08-14 22:59:01,mtlblog,MTL Blog,"Video Shows Thousands Marching Through Montreal To Protest Quebec's Vaccine Passport

Full Article Here! üëâ‚Ä¶ https://t.co/ZfZkjgc1UZ",0,4,Montreal
2021-08-14 22:59:01,nnmiller1178,My Info,"@WilliamYardle10 @JudiciaryGOP Some real uneducated responses here. No wonder it is not going away. No vaccine, sta‚Ä¶ https://t.co/mwudNfb6Yl",0,0,
2021-08-14 22:59:00,MelanieHT1919,Melanie Hawkins,"@MollyJongFast A friend of mines whose huband is an infectious disease doc, would politely explain how the vaccine‚Ä¶ https://t.co/8GFQhnm8XS",0,0,Atlanta
2021-08-14 22:58:59,MaryK1987,Mary in MO,"@AndrewSullender I don't understand these people.  Why do you protest a vaccine?  If you choose not to take it, I d‚Ä¶ https://t.co/n80sqscuCc",0,0,Missouri
2021-08-14 22:58:58,Sssoulless,Sssoulless,@vlottoisblotto @CTVNews A lot of people in china are getting extremely ill or dying shortly after they get the jab‚Ä¶ https://t.co/MZ9qoFMwCJ,0,0,
2021-08-14 22:58:57,AlexBerenson,Alex Berenson,Now do vaccine efficacy https://t.co/Uwm0CVMsAM,44,225,New York
2021-08-14 22:58:57,JenniferLuvsLou,JenniferLuvsLou,"'Vaccine passports' are here. Here's how to prove your Covid-19 vaccination status on your phone
https://t.co/WkmXmCW28n",0,0,
2021-08-14 22:58:56,NicoleB72573097,Nicole Brock,"@Achies_store I got the vaccine but I'm still required to wear a mask at work. Outside of work, I choose fresh air.",0,0,
2021-08-14 22:58:55,RailrodeMike,Peter M. Gatliff,@patriottakes Thank God the rest of us Okies that took thier vaccine  shots. Stupid is that stupid dies.,0,0,Lawton Oklahoma
2021-08-14 22:58:54,medicDfuller,Douglas Fuller,"@SenTedCruz It‚Äôs a direct result of you and your governors anti mask , anti vaccine msgs you perpetuate 
#CruzAbboutTexasCovid19Disaster",0,0,"West Virginia, USA"
2021-08-14 22:58:53,Shredder_31,Shredder31,"@Team_Keefe i know they didn‚Äôt take years, but with the limited time frame they were able to get a vaccine that gre‚Ä¶ https://t.co/RnsKIz2e18",0,0,
2021-08-14 22:58:53,genenda,Genenda Lane,"@JDMorgan @FandemicTour I was getting nervous about it. I didn't feel safe going, but I didn't want to lose the mon‚Ä¶ https://t.co/KbL1AZ8o0b",0,0,Illinois
2021-08-14 22:58:53,calilovespan,Cali ü¶íüéÆ,"@MirrorManDan Dude, come on. Brilliant minds that have spent their lives researching cures for illnesses have come‚Ä¶ https://t.co/dPaqXoFKXe",0,1,Lon Lon Ranch
2021-08-14 22:58:53,lwericksonplay1,Lisa Ericsson,"@Darkseid09 @JoyAnnReid The ‚Äúdifference‚Äù? In addition to significantly lowering the risk of infection, vaccines pre‚Ä¶ https://t.co/6p72q3DKx5",0,0,
2021-08-14 22:58:53,ConspiracyCen,NQTABLE * * *,@Tweetyathlete @CP24 Why do you feel vaccine passports are necessary? Vaccinated still get carry and spread covid.,0,0,Canada
2021-08-14 22:58:51,followkevykev,Kev,"'Vaccine passports' are here. Here's how to prove your Covid-19 vaccination status on your phone
https://t.co/fu27fWCE2x",0,0,
2021-08-14 22:58:48,AspianoJr,aspiano,@SKY2DT You can‚Äôt mandate a vaccine that is not FDA Approved,0,0,
2021-08-14 22:58:48,CryptoMagnetdsm,Crypto Magnet,"@kc_boyer @TxStateHooper @JoeBiden Hey genius,  the vaccine doesn't stop you from getting it or spreading it hence‚Ä¶ https://t.co/0Ta9OtMN0Y",0,0,"Des Moines, IA"
2021-08-14 22:58:46,BegoFrancot,Bego Francot,@davematt88 @Sundae_Gurl2 Terribly sad and shocked about people not wanting to get the vaccine ! üòî,0,1,
2021-08-14 22:58:46,mibanta,Marcia Banta,Dear Vaccine refuser...you are responsible. https://t.co/nvAt52tEaS,0,0,"Lewiston, Idaho"
2021-08-14 22:58:44,maddog60352461,Mad Dogs & Englishmen,Liberalism ?? where's the vaccine for this ?? https://t.co/44XUT15i36,0,0,"In The Dog House, "
2021-08-14 22:58:43,CastonChris,Christine Caston,God also made the scientist who discovered the vaccine üíâ and the Doctor who cared for those effected with‚Ä¶ https://t.co/lB1OtpKEb3,0,0,"Chicago, Illinois"
2021-08-14 22:58:43,Lockwood88S,SarahLockwood88,@DanChun65160084 @CTVVancouver Who the fuck would take a vaccine for a 99.8% survivable illness when they dont even‚Ä¶ https://t.co/V5dYfd1di8,0,0,
2021-08-14 22:58:42,Eduard0_valadez,Eduardo,Y‚Äôall drank the original formula of jack 3D and wish they still sold it even if you test positive for meth but won‚Äôt get the vaccine.,0,0,"Watsonville, CA"
2021-08-14 22:58:42,KevClarke76,Kevin Clarke,@AdamJSBounds What‚Äôs the alternative. Feel the way you do or have the vaccine and continue. Possibly you feel that‚Ä¶ https://t.co/tBkDZeYWSD,0,0,Scotland
2021-08-14 22:58:41,NexTakeJim,NexTakeJim,"@jjdr32 @realdmcfail98 I don‚Äôt, they think they were going to create the cure. Maybe they would have. But we never‚Ä¶ https://t.co/MuilCoEAGU",0,0,"New York, USA"
2021-08-14 22:58:41,burrosavic,Baron of Burleigh,"Please consider this, the government are pushing and bullying us the population of Australia to take the COVID vacc‚Ä¶ https://t.co/gmVXixjaD8",4,15,Burleigh Heads 
2021-08-14 22:58:41,IceguyCT,Conscientious Icemanüßä,"@washingtonpost ""No Jab, No Job"" Policies are on the way.
'You can‚Äôt make me get #vaccinated.
'I don‚Äôt have to hire‚Ä¶ https://t.co/bRFI57L7s6",0,1,Straight Outta Hartfordüë®üèø‚Äç‚öïÔ∏è
2021-08-14 22:58:40,KSteponik,Kristine Lee,@RobertB42097127 @fredshesaid1 @RonFilipkowski @Materaki1 He didn‚Äôt care &amp; doesn‚Äôt care now about all the people th‚Ä¶ https://t.co/h8wdKr9nNo,0,0,"Mpls, MN"
2021-08-14 22:58:38,surleyjay,SurlyJay,"@Patrick91628236 @LeslynLewis Get a vaccine to protect other Canadians, but blindly disregarding side effects that‚Ä¶ https://t.co/EJHYLSqRSW",0,0,"Alberta, Canada"
2021-08-14 22:58:38,sharrij,Wanderer,"Fuck your vaccine. 

'Vaccine passports' are here. Here's how to prove your Covid-19 vaccination status on your pho‚Ä¶ https://t.co/Al5XDMwXnM",0,1,Everywhere you wanna be
2021-08-14 22:58:38,HomoHulk,GVNR ü¶Ü‚ù§Ô∏è‚Äçüî•,It makes me irrationally angry the way mfs be lying about the vaccine for engagement,0,2,"Columbus, Ohio"
2021-08-14 22:58:37,repub111,USA1,@JVCOOP2 @RepMaryMiller Clueless liberal. Vaccines don't protect from Delta &amp; they're starting to find the side aff‚Ä¶ https://t.co/ZFHatVVZOf,0,0,
2021-08-14 22:58:37,NathPernod,NathPernod,"@MaizyDaizyZzzz This just cant happen, we can not give this vaccine to children, its not safe, and not needed.  Chi‚Ä¶ https://t.co/UFXRcothzj",0,0,
2021-08-14 22:58:37,RobertChaulk,Robert Chaulk,"@UncleAl91 Yes b'y, dats it.. We know get'n the virus can end badly so not much else to do but take chances with th‚Ä¶ https://t.co/c2koUMzn5U",0,0,"Newfoundland and Labrador, CA"
